alert_id,date_generated,account_id,customer_id,rule_code,rule_description,system_score,status,case_id,triage_recommendation,triage_rationale
AL0001,2026-05-29,A0041,C0041,STRUCT-CASH,Repeated cash deposits below reporting threshold,71,New,,,
AL0002,2026-05-03,A0005,C0005,STRUCT-CASH,"Single cash deposit just under $10,000 threshold",58,New,,,
AL0003,2026-06-27,A0042,C0042,VELOCITY,High count of outbound transfers in 30 days,63,New,,,
AL0004,2026-06-21,A0043,C0043,RAPID-MOVE,Large transfer with rapid follow-on movement,66,New,,,
AL0005,2026-05-31,A0044,C0044,HIGH-RISK-WIRE,Large inbound wire on newly opened account,74,New,,,
AL0006,2026-04-22,A0023,C0023,RAPID-MOVE,Funds in and out within 72 hours,49,New,,,
AL0007,2026-05-08,A0036,C0036,HIGH-RISK-WIRE,Wire to/from monitored region,57,New,,,
AL0008,2026-04-17,A0007,C0007,STRUCT-CASH,Cash activity near reporting threshold,55,New,,,
AL0009,2026-06-27,A0017,C0017,HIGH-RISK-WIRE,Wire to/from monitored region,57,New,,,
AL0010,2026-04-29,A0022,C0022,VELOCITY,Elevated transaction count vs 90-day baseline,52,New,,,
AL0011,2026-05-10,A0023,C0023,HIGH-RISK-WIRE,Wire to/from monitored region,57,New,,,
AL0012,2026-05-18,A0027,C0027,RAPID-MOVE,Funds in and out within 72 hours,49,New,,,
AL0013,2026-05-30,A0017,C0017,RAPID-MOVE,Funds in and out within 72 hours,49,New,,,
AL0014,2026-04-07,A0008,C0008,STRUCT-CASH,Cash activity near reporting threshold,55,New,,,
AL0015,2026-05-31,A0038,C0038,VELOCITY,Elevated transaction count vs 90-day baseline,52,New,,,
AL0016,2026-06-27,A0013,C0013,VELOCITY,Elevated transaction count vs 90-day baseline,52,New,,,
AL0017,2026-05-23,A0025,C0025,RAPID-MOVE,Funds in and out within 72 hours,49,New,,,
AL0018,2026-04-18,A0004,C0004,HIGH-RISK-WIRE,Wire to/from monitored region,57,New,,,
AL0019,2026-05-23,A0013,C0013,RAPID-MOVE,Funds in and out within 72 hours,49,New,,,
AL0020,2026-04-19,A0037,C0037,STRUCT-CASH,Cash activity near reporting threshold,55,New,,,
AL0021,2026-04-11,A0021,C0021,HIGH-RISK-WIRE,Wire to/from monitored region,57,New,,,
AL0022,2026-06-20,A0032,C0032,RAPID-MOVE,Funds in and out within 72 hours,49,New,,,
AL0023,2026-06-21,A0012,C0012,RAPID-MOVE,Funds in and out within 72 hours,49,New,,,
AL0024,2026-05-28,A0004,C0004,VELOCITY,Elevated transaction count vs 90-day baseline,52,New,,,
AL0025,2026-04-22,A0018,C0018,HIGH-RISK-WIRE,Wire to/from monitored region,57,New,,,
AL0026,2026-06-02,A0037,C0037,HIGH-RISK-WIRE,Wire to/from monitored region,57,New,,,
AL0027,2026-06-18,A0006,C0006,HIGH-RISK-WIRE,Wire to/from monitored region,57,New,,,
AL0028,2026-05-22,A0028,C0028,STRUCT-CASH,Cash activity near reporting threshold,55,New,,,
AL0029,2026-05-20,A0028,C0028,STRUCT-CASH,Cash activity near reporting threshold,55,New,,,
AL0030,2026-06-08,A0001,C0001,VELOCITY,Elevated transaction count vs 90-day baseline,52,New,,,
AL0031,2026-04-02,A0013,C0013,RAPID-MOVE,Funds in and out within 72 hours,49,New,,,
AL0032,2026-04-03,A0021,C0021,HIGH-RISK-WIRE,Wire to/from monitored region,57,New,,,
AL0033,2026-04-29,A0001,C0001,HIGH-RISK-WIRE,Wire to/from monitored region,57,New,,,
AL0034,2026-04-17,A0023,C0023,RAPID-MOVE,Funds in and out within 72 hours,49,New,,,
AL0035,2026-06-04,A0007,C0007,STRUCT-CASH,Cash activity near reporting threshold,55,New,,,
AL0036,2026-04-22,A0038,C0038,RAPID-MOVE,Funds in and out within 72 hours,49,New,,,
AL0037,2026-05-09,A0005,C0005,VELOCITY,Elevated transaction count vs 90-day baseline,52,New,,,
AL0038,2026-06-06,A0019,C0019,STRUCT-CASH,Cash activity near reporting threshold,55,New,,,
AL0039,2026-05-26,A0039,C0039,RAPID-MOVE,Funds in and out within 72 hours,49,New,,,
AL0040,2026-06-02,A0009,C0009,RAPID-MOVE,Funds in and out within 72 hours,49,New,,,
AL0041,2026-04-22,A0023,C0023,HIGH-RISK-WIRE,Wire to/from monitored region,57,New,,,
AL0042,2026-04-30,A0026,C0026,VELOCITY,Elevated transaction count vs 90-day baseline,52,New,,,
AL0043,2026-04-28,A0015,C0015,HIGH-RISK-WIRE,Wire to/from monitored region,57,New,,,
AL0044,2026-04-16,A0002,C0002,HIGH-RISK-WIRE,Wire to/from monitored region,57,New,,,
AL0045,2026-05-19,A0024,C0024,VELOCITY,Elevated transaction count vs 90-day baseline,52,New,,,
AL0046,2026-06-16,A0017,C0017,VELOCITY,Elevated transaction count vs 90-day baseline,52,New,,,
AL0047,2026-06-23,A0004,C0004,VELOCITY,Elevated transaction count vs 90-day baseline,52,New,,,
AL0048,2026-06-28,A0002,C0002,VELOCITY,Elevated transaction count vs 90-day baseline,52,New,,,
AL0049,2026-05-27,A0008,C0008,STRUCT-CASH,Cash activity near reporting threshold,55,New,,,
AL0050,2026-06-10,A0025,C0025,VELOCITY,Elevated transaction count vs 90-day baseline,52,New,,,
AL0051,2026-06-29,A0017,C0017,STRUCT-CASH,Cash activity near reporting threshold,55,New,,,
AL0052,2026-06-28,A0010,C0010,HIGH-RISK-WIRE,Wire to/from monitored region,57,New,,,
AL0053,2026-05-24,A0001,C0001,RAPID-MOVE,Funds in and out within 72 hours,49,New,,,
AL0054,2026-06-19,A0007,C0007,RAPID-MOVE,Funds in and out within 72 hours,49,New,,,
AL0055,2026-05-24,A0039,C0039,HIGH-RISK-WIRE,Wire to/from monitored region,57,New,,,
AL0056,2026-05-07,A0007,C0007,VELOCITY,Elevated transaction count vs 90-day baseline,52,New,,,
AL0057,2026-06-03,A0008,C0008,VELOCITY,Elevated transaction count vs 90-day baseline,52,New,,,
AL0058,2026-05-04,A0013,C0013,HIGH-RISK-WIRE,Wire to/from monitored region,57,New,,,
AL0059,2026-05-16,A0034,C0034,HIGH-RISK-WIRE,Wire to/from monitored region,57,New,,,
AL0060,2026-04-21,A0027,C0027,RAPID-MOVE,Funds in and out within 72 hours,49,New,,,
AL0061,2026-04-27,A0003,C0003,STRUCT-CASH,Cash activity near reporting threshold,55,New,,,
AL0062,2026-05-01,A0031,C0031,RAPID-MOVE,Funds in and out within 72 hours,49,New,,,
AL0063,2026-06-25,A0001,C0001,VELOCITY,Elevated transaction count vs 90-day baseline,52,New,,,
AL0064,2026-06-13,A0006,C0006,VELOCITY,Elevated transaction count vs 90-day baseline,52,New,,,
AL0065,2026-04-12,A0032,C0032,HIGH-RISK-WIRE,Wire to/from monitored region,57,New,,,
AL0066,2026-04-13,A0033,C0033,VELOCITY,Elevated transaction count vs 90-day baseline,52,New,,,
AL0067,2026-05-29,A0017,C0017,HIGH-RISK-WIRE,Wire to/from monitored region,57,New,,,
AL0068,2026-05-30,A0019,C0019,RAPID-MOVE,Funds in and out within 72 hours,49,New,,,
AL0069,2026-04-23,A0004,C0004,VELOCITY,Elevated transaction count vs 90-day baseline,52,New,,,
AL0070,2026-05-17,A0003,C0003,RAPID-MOVE,Funds in and out within 72 hours,49,New,,,
AL0071,2026-04-15,A0021,C0021,STRUCT-CASH,Cash activity near reporting threshold,55,New,,,
AL0072,2026-04-02,A0007,C0007,VELOCITY,Elevated transaction count vs 90-day baseline,52,New,,,
AL0073,2026-05-13,A0009,C0009,HIGH-RISK-WIRE,Wire to/from monitored region,57,New,,,
AL0074,2026-06-19,A0023,C0023,STRUCT-CASH,Cash activity near reporting threshold,55,New,,,
AL0075,2026-05-18,A0018,C0018,VELOCITY,Elevated transaction count vs 90-day baseline,52,New,,,
AL0076,2026-04-15,A0022,C0022,HIGH-RISK-WIRE,Wire to/from monitored region,57,New,,,
AL0077,2026-05-29,A0026,C0026,STRUCT-CASH,Cash activity near reporting threshold,55,New,,,
AL0078,2026-06-28,A0018,C0018,STRUCT-CASH,Cash activity near reporting threshold,55,New,,,
AL0079,2026-06-23,A0031,C0031,STRUCT-CASH,Cash activity near reporting threshold,55,New,,,
AL0080,2026-04-17,A0011,C0011,VELOCITY,Elevated transaction count vs 90-day baseline,52,New,,,
AL0081,2026-04-14,A0004,C0004,HIGH-RISK-WIRE,Wire to/from monitored region,57,New,,,
AL0082,2026-05-07,A9001,C9001,STRUCT-CASH,Multiple cash deposits below $10k threshold across branches,88,New,,,
AL0083,2026-05-15,A9001,C9001,STRUCT-CASH,Multiple cash deposits below $10k threshold across branches,88,New,,,
AL0084,2026-05-22,A9001,C9001,STRUCT-CASH,Multiple cash deposits below $10k threshold across branches,88,New,,,
AL0085,2026-06-02,A9100,C9100,HIGH-RISK-WIRE,Large inbound wire from high-risk jurisdiction,82,New,,,
AL0086,2026-06-04,A9100,C9100,RAPID-MOVE,Inbound funds dispersed to multiple parties within 48h,90,New,,,
AL0087,2026-06-05,A9101,C9101,RAPID-MOVE,Pass-through: funds received and wired out within 72h,86,New,,,
AL0088,2026-06-06,A9102,C9102,RAPID-MOVE,Pass-through: funds received and wired out within 72h,86,New,,,
AL0089,2026-06-07,A9103,C9103,RAPID-MOVE,Pass-through: funds received and wired out within 72h,86,New,,,
AL0090,2026-06-05,A9104,C9104,RAPID-MOVE,Pass-through: funds received and wired out within 72h,86,New,,,
