transaction_id,txn_date,from_account_id,to_account_id,external_party,external_country,amount,channel,description
T00001,2026-04-01,,A0001,EMPLOYER PAYROLL,,2115.38,ACH,Salary
T00002,2026-04-08,A0001,,Utility Co,,72,CARD,Everyday spend
T00003,2026-04-05,A0001,,Insurer,,278,CARD,Everyday spend
T00004,2026-04-05,A0001,,Grocery,,773,ACH,Everyday spend
T00005,2026-04-09,A0001,,Utility Co,,643,ACH,Everyday spend
T00006,2026-04-15,,A0001,EMPLOYER PAYROLL,,2115.38,ACH,Salary
T00007,2026-04-27,A0001,,Streaming,,472,ACH,Everyday spend
T00008,2026-04-18,A0001,,Utility Co,,260,ACH,Everyday spend
T00009,2026-04-29,,A0001,EMPLOYER PAYROLL,,2115.38,ACH,Salary
T00010,2026-05-06,A0001,,Streaming,,139,ACH,Everyday spend
T00011,2026-05-09,A0001,,Rent,,310,CARD,Everyday spend
T00012,2026-05-13,,A0001,EMPLOYER PAYROLL,,2115.38,ACH,Salary
T00013,2026-05-15,A0001,,Insurer,,427,CARD,Everyday spend
T00014,2026-05-18,A0001,,Insurer,,889,ACH,Everyday spend
T00015,2026-05-17,A0001,,Utility Co,,761,CARD,Everyday spend
T00016,2026-05-24,A0001,,Utility Co,,273,ACH,Everyday spend
T00017,2026-05-27,,A0001,EMPLOYER PAYROLL,,2115.38,ACH,Salary
T00018,2026-05-29,A0001,,Rent,,429,ACH,Everyday spend
T00019,2026-06-07,A0001,,Grocery,,894,ACH,Everyday spend
T00020,2026-06-10,,A0001,EMPLOYER PAYROLL,,2115.38,ACH,Salary
T00021,2026-06-16,A0001,,Utility Co,,254,ACH,Everyday spend
T00022,2026-06-20,A0001,,Insurer,,690,CARD,Everyday spend
T00023,2026-06-22,A0001,,Rent,,290,CARD,Everyday spend
T00024,2026-06-24,,A0001,EMPLOYER PAYROLL,,2115.38,ACH,Salary
T00025,2026-06-29,A0001,,Streaming,,695,CARD,Everyday spend
T00026,2026-06-25,A0001,,Streaming,,274,CARD,Everyday spend
T00027,2026-07-01,A0001,,Grocery,,314,CARD,Everyday spend
T00028,2026-04-01,,A0002,EMPLOYER PAYROLL,,3653.85,ACH,Salary
T00029,2026-04-13,A0002,,Insurer,,614,ACH,Everyday spend
T00030,2026-04-08,A0002,,Streaming,,637,ACH,Everyday spend
T00031,2026-04-15,,A0002,EMPLOYER PAYROLL,,3653.85,ACH,Salary
T00032,2026-04-18,A0002,,Utility Co,,561,ACH,Everyday spend
T00033,2026-04-16,A0002,,Grocery,,152,CARD,Everyday spend
T00034,2026-04-29,,A0002,EMPLOYER PAYROLL,,3653.85,ACH,Salary
T00035,2026-05-06,A0002,,Rent,,650,CARD,Everyday spend
T00036,2026-05-06,A0002,,Insurer,,650,ACH,Everyday spend
T00037,2026-05-04,A0002,,Utility Co,,606,CARD,Everyday spend
T00038,2026-05-10,A0002,,Streaming,,589,ACH,Everyday spend
T00039,2026-05-13,,A0002,EMPLOYER PAYROLL,,3653.85,ACH,Salary
T00040,2026-05-18,A0002,,Rent,,485,CARD,Everyday spend
T00041,2026-05-14,A0002,,Insurer,,779,ACH,Everyday spend
T00042,2026-05-27,,A0002,EMPLOYER PAYROLL,,3653.85,ACH,Salary
T00043,2026-06-05,A0002,,Insurer,,148,ACH,Everyday spend
T00044,2026-06-06,A0002,,Streaming,,243,CARD,Everyday spend
T00045,2026-06-10,,A0002,EMPLOYER PAYROLL,,3653.85,ACH,Salary
T00046,2026-06-19,A0002,,Insurer,,837,CARD,Everyday spend
T00047,2026-06-16,A0002,,Utility Co,,540,CARD,Everyday spend
T00048,2026-06-24,,A0002,EMPLOYER PAYROLL,,3653.85,ACH,Salary
T00049,2026-06-29,A0002,,Grocery,,285,CARD,Everyday spend
T00050,2026-07-04,A0002,,Rent,,120,CARD,Everyday spend
T00051,2026-06-26,A0002,,Grocery,,818,CARD,Everyday spend
T00052,2026-04-01,,A0003,EMPLOYER PAYROLL,,4230.77,ACH,Salary
T00053,2026-04-06,A0003,,Rent,,448,ACH,Everyday spend
T00054,2026-04-10,A0003,,Grocery,,502,CARD,Everyday spend
T00055,2026-04-05,A0003,,Utility Co,,105,ACH,Everyday spend
T00056,2026-04-11,A0003,,Insurer,,607,CARD,Everyday spend
T00057,2026-04-15,,A0003,EMPLOYER PAYROLL,,4230.77,ACH,Salary
T00058,2026-04-16,A0003,,Grocery,,112,CARD,Everyday spend
T00059,2026-04-17,A0003,,Utility Co,,72,ACH,Everyday spend
T00060,2026-04-29,,A0003,EMPLOYER PAYROLL,,4230.77,ACH,Salary
T00061,2026-05-03,A0003,,Grocery,,325,ACH,Everyday spend
T00062,2026-05-08,A0003,,Grocery,,175,ACH,Everyday spend
T00063,2026-05-07,A0003,,Grocery,,866,ACH,Everyday spend
T00064,2026-05-01,A0003,,Streaming,,139,ACH,Everyday spend
T00065,2026-05-13,,A0003,EMPLOYER PAYROLL,,4230.77,ACH,Salary
T00066,2026-05-20,A0003,,Utility Co,,518,CARD,Everyday spend
T00067,2026-05-14,A0003,,Utility Co,,452,ACH,Everyday spend
T00068,2026-05-17,A0003,,Insurer,,236,CARD,Everyday spend
T00069,2026-05-27,,A0003,EMPLOYER PAYROLL,,4230.77,ACH,Salary
T00070,2026-05-30,A0003,,Streaming,,472,CARD,Everyday spend
T00071,2026-06-04,A0003,,Rent,,295,CARD,Everyday spend
T00072,2026-06-05,A0003,,Insurer,,140,CARD,Everyday spend
T00073,2026-06-10,,A0003,EMPLOYER PAYROLL,,4230.77,ACH,Salary
T00074,2026-06-12,A0003,,Grocery,,811,CARD,Everyday spend
T00075,2026-06-17,A0003,,Grocery,,537,ACH,Everyday spend
T00076,2026-06-24,,A0003,EMPLOYER PAYROLL,,4230.77,ACH,Salary
T00077,2026-06-25,A0003,,Utility Co,,208,ACH,Everyday spend
T00078,2026-07-01,A0003,,Streaming,,311,ACH,Everyday spend
T00079,2026-07-01,A0003,,Grocery,,753,ACH,Everyday spend
T00080,2026-04-01,,A0004,EMPLOYER PAYROLL,,3653.85,ACH,Salary
T00081,2026-04-09,A0004,,Utility Co,,554,CARD,Everyday spend
T00082,2026-04-10,A0004,,Utility Co,,122,CARD,Everyday spend
T00083,2026-04-11,A0004,,Rent,,109,CARD,Everyday spend
T00084,2026-04-03,A0004,,Insurer,,623,CARD,Everyday spend
T00085,2026-04-15,,A0004,EMPLOYER PAYROLL,,3653.85,ACH,Salary
T00086,2026-04-16,A0004,,Rent,,674,CARD,Everyday spend
T00087,2026-04-26,A0004,,Streaming,,637,ACH,Everyday spend
T00088,2026-04-19,A0004,,Grocery,,725,ACH,Everyday spend
T00089,2026-04-20,A0004,,Streaming,,445,CARD,Everyday spend
T00090,2026-04-29,,A0004,EMPLOYER PAYROLL,,3653.85,ACH,Salary
T00091,2026-05-05,A0004,,Utility Co,,809,CARD,Everyday spend
T00092,2026-05-07,A0004,,Utility Co,,676,CARD,Everyday spend
T00093,2026-05-08,A0004,,Grocery,,258,ACH,Everyday spend
T00094,2026-05-13,,A0004,EMPLOYER PAYROLL,,3653.85,ACH,Salary
T00095,2026-05-15,A0004,,Streaming,,290,ACH,Everyday spend
T00096,2026-05-16,A0004,,Insurer,,488,ACH,Everyday spend
T00097,2026-05-24,A0004,,Insurer,,581,CARD,Everyday spend
T00098,2026-05-27,,A0004,EMPLOYER PAYROLL,,3653.85,ACH,Salary
T00099,2026-06-07,A0004,,Streaming,,146,CARD,Everyday spend
T00100,2026-05-29,A0004,,Streaming,,149,CARD,Everyday spend
T00101,2026-06-01,A0004,,Streaming,,659,CARD,Everyday spend
T00102,2026-06-10,,A0004,EMPLOYER PAYROLL,,3653.85,ACH,Salary
T00103,2026-06-21,A0004,,Insurer,,689,ACH,Everyday spend
T00104,2026-06-18,A0004,,Utility Co,,297,CARD,Everyday spend
T00105,2026-06-24,,A0004,EMPLOYER PAYROLL,,3653.85,ACH,Salary
T00106,2026-07-01,A0004,,Utility Co,,889,ACH,Everyday spend
T00107,2026-06-25,A0004,,Streaming,,381,CARD,Everyday spend
T00108,2026-06-27,A0004,,Insurer,,799,ACH,Everyday spend
T00109,2026-07-06,A0004,,Utility Co,,477,CARD,Everyday spend
T00110,2026-04-01,,A0005,EMPLOYER PAYROLL,,2384.62,ACH,Salary
T00111,2026-04-07,A0005,,Streaming,,855,CARD,Everyday spend
T00112,2026-04-05,A0005,,Utility Co,,738,CARD,Everyday spend
T00113,2026-04-07,A0005,,Insurer,,838,ACH,Everyday spend
T00114,2026-04-15,,A0005,EMPLOYER PAYROLL,,2384.62,ACH,Salary
T00115,2026-04-18,A0005,,Grocery,,282,CARD,Everyday spend
T00116,2026-04-22,A0005,,Streaming,,65,CARD,Everyday spend
T00117,2026-04-22,A0005,,Streaming,,861,CARD,Everyday spend
T00118,2026-04-18,A0005,,Rent,,846,CARD,Everyday spend
T00119,2026-04-29,,A0005,EMPLOYER PAYROLL,,2384.62,ACH,Salary
T00120,2026-05-07,A0005,,Rent,,267,CARD,Everyday spend
T00121,2026-05-05,A0005,,Grocery,,352,CARD,Everyday spend
T00122,2026-05-13,,A0005,EMPLOYER PAYROLL,,2384.62,ACH,Salary
T00123,2026-05-24,A0005,,Streaming,,237,ACH,Everyday spend
T00124,2026-05-18,A0005,,Streaming,,111,ACH,Everyday spend
T00125,2026-05-27,,A0005,EMPLOYER PAYROLL,,2384.62,ACH,Salary
T00126,2026-06-05,A0005,,Utility Co,,449,ACH,Everyday spend
T00127,2026-05-29,A0005,,Insurer,,307,CARD,Everyday spend
T00128,2026-06-01,A0005,,Insurer,,79,CARD,Everyday spend
T00129,2026-06-03,A0005,,Rent,,393,ACH,Everyday spend
T00130,2026-06-10,,A0005,EMPLOYER PAYROLL,,2384.62,ACH,Salary
T00131,2026-06-19,A0005,,Insurer,,158,ACH,Everyday spend
T00132,2026-06-14,A0005,,Rent,,300,CARD,Everyday spend
T00133,2026-06-11,A0005,,Streaming,,572,CARD,Everyday spend
T00134,2026-06-17,A0005,,Insurer,,111,ACH,Everyday spend
T00135,2026-06-24,,A0005,EMPLOYER PAYROLL,,2384.62,ACH,Salary
T00136,2026-07-05,A0005,,Insurer,,167,ACH,Everyday spend
T00137,2026-06-29,A0005,,Streaming,,722,ACH,Everyday spend
T00138,2026-07-01,A0005,,Insurer,,753,ACH,Everyday spend
T00139,2026-04-01,,A0006,EMPLOYER PAYROLL,,3653.85,ACH,Salary
T00140,2026-04-06,A0006,,Rent,,333,CARD,Everyday spend
T00141,2026-04-11,A0006,,Rent,,661,ACH,Everyday spend
T00142,2026-04-15,,A0006,EMPLOYER PAYROLL,,3653.85,ACH,Salary
T00143,2026-04-23,A0006,,Insurer,,731,CARD,Everyday spend
T00144,2026-04-23,A0006,,Utility Co,,852,CARD,Everyday spend
T00145,2026-04-20,A0006,,Utility Co,,567,ACH,Everyday spend
T00146,2026-04-29,,A0006,EMPLOYER PAYROLL,,3653.85,ACH,Salary
T00147,2026-05-10,A0006,,Grocery,,357,CARD,Everyday spend
T00148,2026-05-02,A0006,,Grocery,,65,CARD,Everyday spend
T00149,2026-05-13,,A0006,EMPLOYER PAYROLL,,3653.85,ACH,Salary
T00150,2026-05-23,A0006,,Rent,,826,CARD,Everyday spend
T00151,2026-05-20,A0006,,Rent,,684,CARD,Everyday spend
T00152,2026-05-21,A0006,,Grocery,,449,CARD,Everyday spend
T00153,2026-05-27,,A0006,EMPLOYER PAYROLL,,3653.85,ACH,Salary
T00154,2026-06-08,A0006,,Rent,,45,CARD,Everyday spend
T00155,2026-05-31,A0006,,Utility Co,,220,ACH,Everyday spend
T00156,2026-06-05,A0006,,Rent,,295,CARD,Everyday spend
T00157,2026-05-30,A0006,,Insurer,,860,ACH,Everyday spend
T00158,2026-06-10,,A0006,EMPLOYER PAYROLL,,3653.85,ACH,Salary
T00159,2026-06-20,A0006,,Insurer,,364,ACH,Everyday spend
T00160,2026-06-22,A0006,,Insurer,,556,ACH,Everyday spend
T00161,2026-06-18,A0006,,Rent,,202,ACH,Everyday spend
T00162,2026-06-15,A0006,,Streaming,,809,CARD,Everyday spend
T00163,2026-06-24,,A0006,EMPLOYER PAYROLL,,3653.85,ACH,Salary
T00164,2026-07-02,A0006,,Streaming,,681,CARD,Everyday spend
T00165,2026-07-02,A0006,,Grocery,,119,ACH,Everyday spend
T00166,2026-06-29,A0006,,Insurer,,383,ACH,Everyday spend
T00167,2026-06-26,A0006,,Grocery,,181,CARD,Everyday spend
T00168,2026-04-01,,A0007,EMPLOYER PAYROLL,,2730.77,ACH,Salary
T00169,2026-04-02,A0007,,Rent,,251,ACH,Everyday spend
T00170,2026-04-11,A0007,,Insurer,,752,CARD,Everyday spend
T00171,2026-04-08,A0007,,Streaming,,528,CARD,Everyday spend
T00172,2026-04-15,,A0007,EMPLOYER PAYROLL,,2730.77,ACH,Salary
T00173,2026-04-22,A0007,,Insurer,,895,ACH,Everyday spend
T00174,2026-04-27,A0007,,Rent,,792,CARD,Everyday spend
T00175,2026-04-19,A0007,,Rent,,319,ACH,Everyday spend
T00176,2026-04-29,,A0007,EMPLOYER PAYROLL,,2730.77,ACH,Salary
T00177,2026-05-06,A0007,,Grocery,,384,ACH,Everyday spend
T00178,2026-05-07,A0007,,Rent,,170,CARD,Everyday spend
T00179,2026-05-13,,A0007,EMPLOYER PAYROLL,,2730.77,ACH,Salary
T00180,2026-05-23,A0007,,Utility Co,,718,CARD,Everyday spend
T00181,2026-05-24,A0007,,Rent,,478,CARD,Everyday spend
T00182,2026-05-16,A0007,,Rent,,91,ACH,Everyday spend
T00183,2026-05-19,A0007,,Streaming,,256,ACH,Everyday spend
T00184,2026-05-27,,A0007,EMPLOYER PAYROLL,,2730.77,ACH,Salary
T00185,2026-06-03,A0007,,Streaming,,324,ACH,Everyday spend
T00186,2026-05-29,A0007,,Insurer,,521,CARD,Everyday spend
T00187,2026-05-28,A0007,,Utility Co,,398,CARD,Everyday spend
T00188,2026-06-10,,A0007,EMPLOYER PAYROLL,,2730.77,ACH,Salary
T00189,2026-06-11,A0007,,Grocery,,812,CARD,Everyday spend
T00190,2026-06-14,A0007,,Insurer,,899,CARD,Everyday spend
T00191,2026-06-13,A0007,,Rent,,284,CARD,Everyday spend
T00192,2026-06-21,A0007,,Rent,,157,CARD,Everyday spend
T00193,2026-06-24,,A0007,EMPLOYER PAYROLL,,2730.77,ACH,Salary
T00194,2026-06-29,A0007,,Grocery,,825,ACH,Everyday spend
T00195,2026-07-04,A0007,,Grocery,,661,CARD,Everyday spend
T00196,2026-06-29,A0007,,Streaming,,150,CARD,Everyday spend
T00197,2026-07-04,A0007,,Rent,,733,ACH,Everyday spend
T00198,2026-04-01,,A0008,EMPLOYER PAYROLL,,3653.85,ACH,Salary
T00199,2026-04-11,A0008,,Streaming,,841,CARD,Everyday spend
T00200,2026-04-10,A0008,,Utility Co,,478,ACH,Everyday spend
T00201,2026-04-15,,A0008,EMPLOYER PAYROLL,,3653.85,ACH,Salary
T00202,2026-04-26,A0008,,Rent,,389,CARD,Everyday spend
T00203,2026-04-23,A0008,,Streaming,,148,ACH,Everyday spend
T00204,2026-04-26,A0008,,Grocery,,888,ACH,Everyday spend
T00205,2026-04-22,A0008,,Insurer,,220,ACH,Everyday spend
T00206,2026-04-29,,A0008,EMPLOYER PAYROLL,,3653.85,ACH,Salary
T00207,2026-05-07,A0008,,Insurer,,516,ACH,Everyday spend
T00208,2026-05-04,A0008,,Utility Co,,370,CARD,Everyday spend
T00209,2026-05-04,A0008,,Rent,,501,CARD,Everyday spend
T00210,2026-05-09,A0008,,Streaming,,664,ACH,Everyday spend
T00211,2026-05-13,,A0008,EMPLOYER PAYROLL,,3653.85,ACH,Salary
T00212,2026-05-21,A0008,,Rent,,372,CARD,Everyday spend
T00213,2026-05-17,A0008,,Streaming,,403,ACH,Everyday spend
T00214,2026-05-27,,A0008,EMPLOYER PAYROLL,,3653.85,ACH,Salary
T00215,2026-06-06,A0008,,Insurer,,758,ACH,Everyday spend
T00216,2026-05-28,A0008,,Utility Co,,569,CARD,Everyday spend
T00217,2026-05-31,A0008,,Rent,,777,ACH,Everyday spend
T00218,2026-06-10,,A0008,EMPLOYER PAYROLL,,3653.85,ACH,Salary
T00219,2026-06-14,A0008,,Rent,,747,ACH,Everyday spend
T00220,2026-06-18,A0008,,Utility Co,,851,CARD,Everyday spend
T00221,2026-06-15,A0008,,Grocery,,266,ACH,Everyday spend
T00222,2026-06-15,A0008,,Rent,,719,ACH,Everyday spend
T00223,2026-06-24,,A0008,EMPLOYER PAYROLL,,3653.85,ACH,Salary
T00224,2026-07-03,A0008,,Insurer,,392,ACH,Everyday spend
T00225,2026-06-30,A0008,,Streaming,,400,ACH,Everyday spend
T00226,2026-06-29,A0008,,Utility Co,,297,CARD,Everyday spend
T00227,2026-07-06,A0008,,Utility Co,,237,ACH,Everyday spend
T00228,2026-04-01,,A0009,EMPLOYER PAYROLL,,2730.77,ACH,Salary
T00229,2026-04-05,A0009,,Streaming,,409,CARD,Everyday spend
T00230,2026-04-02,A0009,,Streaming,,765,CARD,Everyday spend
T00231,2026-04-02,A0009,,Grocery,,95,ACH,Everyday spend
T00232,2026-04-15,,A0009,EMPLOYER PAYROLL,,2730.77,ACH,Salary
T00233,2026-04-23,A0009,,Insurer,,145,CARD,Everyday spend
T00234,2026-04-20,A0009,,Rent,,520,ACH,Everyday spend
T00235,2026-04-21,A0009,,Streaming,,228,CARD,Everyday spend
T00236,2026-04-23,A0009,,Rent,,156,CARD,Everyday spend
T00237,2026-04-29,,A0009,EMPLOYER PAYROLL,,2730.77,ACH,Salary
T00238,2026-05-01,A0009,,Grocery,,630,CARD,Everyday spend
T00239,2026-05-02,A0009,,Utility Co,,870,ACH,Everyday spend
T00240,2026-05-03,A0009,,Insurer,,161,ACH,Everyday spend
T00241,2026-05-13,,A0009,EMPLOYER PAYROLL,,2730.77,ACH,Salary
T00242,2026-05-23,A0009,,Rent,,271,ACH,Everyday spend
T00243,2026-05-21,A0009,,Streaming,,344,ACH,Everyday spend
T00244,2026-05-23,A0009,,Insurer,,675,CARD,Everyday spend
T00245,2026-05-25,A0009,,Grocery,,141,CARD,Everyday spend
T00246,2026-05-27,,A0009,EMPLOYER PAYROLL,,2730.77,ACH,Salary
T00247,2026-06-07,A0009,,Grocery,,123,CARD,Everyday spend
T00248,2026-05-30,A0009,,Grocery,,605,CARD,Everyday spend
T00249,2026-05-28,A0009,,Insurer,,458,ACH,Everyday spend
T00250,2026-06-10,,A0009,EMPLOYER PAYROLL,,2730.77,ACH,Salary
T00251,2026-06-15,A0009,,Streaming,,73,CARD,Everyday spend
T00252,2026-06-22,A0009,,Utility Co,,329,ACH,Everyday spend
T00253,2026-06-21,A0009,,Insurer,,279,ACH,Everyday spend
T00254,2026-06-24,,A0009,EMPLOYER PAYROLL,,2730.77,ACH,Salary
T00255,2026-06-28,A0009,,Insurer,,475,CARD,Everyday spend
T00256,2026-06-28,A0009,,Streaming,,703,CARD,Everyday spend
T00257,2026-06-27,A0009,,Grocery,,113,CARD,Everyday spend
T00258,2026-06-29,A0009,,Rent,,649,ACH,Everyday spend
T00259,2026-04-01,,A0010,EMPLOYER PAYROLL,,2730.77,ACH,Salary
T00260,2026-04-02,A0010,,Insurer,,482,ACH,Everyday spend
T00261,2026-04-06,A0010,,Grocery,,66,CARD,Everyday spend
T00262,2026-04-12,A0010,,Streaming,,896,CARD,Everyday spend
T00263,2026-04-11,A0010,,Rent,,81,CARD,Everyday spend
T00264,2026-04-15,,A0010,EMPLOYER PAYROLL,,2730.77,ACH,Salary
T00265,2026-04-26,A0010,,Grocery,,492,ACH,Everyday spend
T00266,2026-04-25,A0010,,Utility Co,,486,ACH,Everyday spend
T00267,2026-04-23,A0010,,Streaming,,396,ACH,Everyday spend
T00268,2026-04-21,A0010,,Grocery,,726,CARD,Everyday spend
T00269,2026-04-29,,A0010,EMPLOYER PAYROLL,,2730.77,ACH,Salary
T00270,2026-05-06,A0010,,Streaming,,750,ACH,Everyday spend
T00271,2026-05-10,A0010,,Rent,,450,CARD,Everyday spend
T00272,2026-05-01,A0010,,Streaming,,362,ACH,Everyday spend
T00273,2026-05-13,,A0010,EMPLOYER PAYROLL,,2730.77,ACH,Salary
T00274,2026-05-20,A0010,,Insurer,,566,CARD,Everyday spend
T00275,2026-05-21,A0010,,Grocery,,463,CARD,Everyday spend
T00276,2026-05-27,,A0010,EMPLOYER PAYROLL,,2730.77,ACH,Salary
T00277,2026-06-02,A0010,,Rent,,677,ACH,Everyday spend
T00278,2026-05-28,A0010,,Insurer,,248,ACH,Everyday spend
T00279,2026-05-30,A0010,,Rent,,334,ACH,Everyday spend
T00280,2026-05-29,A0010,,Grocery,,69,CARD,Everyday spend
T00281,2026-06-10,,A0010,EMPLOYER PAYROLL,,2730.77,ACH,Salary
T00282,2026-06-19,A0010,,Utility Co,,54,ACH,Everyday spend
T00283,2026-06-14,A0010,,Utility Co,,156,ACH,Everyday spend
T00284,2026-06-21,A0010,,Rent,,892,CARD,Everyday spend
T00285,2026-06-24,,A0010,EMPLOYER PAYROLL,,2730.77,ACH,Salary
T00286,2026-06-29,A0010,,Rent,,561,ACH,Everyday spend
T00287,2026-07-02,A0010,,Rent,,523,CARD,Everyday spend
T00288,2026-07-03,A0010,,Grocery,,188,ACH,Everyday spend
T00289,2026-07-04,A0010,,Utility Co,,560,CARD,Everyday spend
T00290,2026-04-01,,A0011,EMPLOYER PAYROLL,,4230.77,ACH,Salary
T00291,2026-04-12,A0011,,Rent,,541,CARD,Everyday spend
T00292,2026-04-10,A0011,,Streaming,,535,ACH,Everyday spend
T00293,2026-04-10,A0011,,Rent,,821,ACH,Everyday spend
T00294,2026-04-07,A0011,,Insurer,,233,CARD,Everyday spend
T00295,2026-04-15,,A0011,EMPLOYER PAYROLL,,4230.77,ACH,Salary
T00296,2026-04-19,A0011,,Utility Co,,834,ACH,Everyday spend
T00297,2026-04-21,A0011,,Rent,,802,ACH,Everyday spend
T00298,2026-04-22,A0011,,Rent,,719,CARD,Everyday spend
T00299,2026-04-29,,A0011,EMPLOYER PAYROLL,,4230.77,ACH,Salary
T00300,2026-05-02,A0011,,Utility Co,,554,ACH,Everyday spend
T00301,2026-05-07,A0011,,Utility Co,,142,ACH,Everyday spend
T00302,2026-05-13,,A0011,EMPLOYER PAYROLL,,4230.77,ACH,Salary
T00303,2026-05-16,A0011,,Utility Co,,459,CARD,Everyday spend
T00304,2026-05-21,A0011,,Streaming,,840,ACH,Everyday spend
T00305,2026-05-23,A0011,,Utility Co,,749,ACH,Everyday spend
T00306,2026-05-19,A0011,,Streaming,,730,ACH,Everyday spend
T00307,2026-05-27,,A0011,EMPLOYER PAYROLL,,4230.77,ACH,Salary
T00308,2026-06-08,A0011,,Insurer,,817,ACH,Everyday spend
T00309,2026-05-28,A0011,,Grocery,,672,CARD,Everyday spend
T00310,2026-06-07,A0011,,Grocery,,740,ACH,Everyday spend
T00311,2026-06-08,A0011,,Utility Co,,132,ACH,Everyday spend
T00312,2026-06-10,,A0011,EMPLOYER PAYROLL,,4230.77,ACH,Salary
T00313,2026-06-22,A0011,,Grocery,,142,ACH,Everyday spend
T00314,2026-06-22,A0011,,Utility Co,,346,CARD,Everyday spend
T00315,2026-06-16,A0011,,Streaming,,855,CARD,Everyday spend
T00316,2026-06-16,A0011,,Grocery,,423,ACH,Everyday spend
T00317,2026-06-24,,A0011,EMPLOYER PAYROLL,,4230.77,ACH,Salary
T00318,2026-07-03,A0011,,Grocery,,461,CARD,Everyday spend
T00319,2026-06-27,A0011,,Insurer,,120,ACH,Everyday spend
T00320,2026-04-01,,A0012,EMPLOYER PAYROLL,,2730.77,ACH,Salary
T00321,2026-04-06,A0012,,Utility Co,,733,CARD,Everyday spend
T00322,2026-04-09,A0012,,Rent,,393,ACH,Everyday spend
T00323,2026-04-13,A0012,,Streaming,,296,ACH,Everyday spend
T00324,2026-04-15,,A0012,EMPLOYER PAYROLL,,2730.77,ACH,Salary
T00325,2026-04-22,A0012,,Grocery,,534,CARD,Everyday spend
T00326,2026-04-22,A0012,,Insurer,,625,ACH,Everyday spend
T00327,2026-04-29,,A0012,EMPLOYER PAYROLL,,2730.77,ACH,Salary
T00328,2026-05-11,A0012,,Rent,,342,CARD,Everyday spend
T00329,2026-05-04,A0012,,Insurer,,48,CARD,Everyday spend
T00330,2026-05-11,A0012,,Grocery,,548,ACH,Everyday spend
T00331,2026-05-13,,A0012,EMPLOYER PAYROLL,,2730.77,ACH,Salary
T00332,2026-05-19,A0012,,Insurer,,264,CARD,Everyday spend
T00333,2026-05-18,A0012,,Utility Co,,734,CARD,Everyday spend
T00334,2026-05-24,A0012,,Streaming,,701,CARD,Everyday spend
T00335,2026-05-21,A0012,,Grocery,,74,ACH,Everyday spend
T00336,2026-05-27,,A0012,EMPLOYER PAYROLL,,2730.77,ACH,Salary
T00337,2026-06-01,A0012,,Grocery,,374,ACH,Everyday spend
T00338,2026-05-31,A0012,,Insurer,,175,ACH,Everyday spend
T00339,2026-06-10,,A0012,EMPLOYER PAYROLL,,2730.77,ACH,Salary
T00340,2026-06-15,A0012,,Streaming,,890,CARD,Everyday spend
T00341,2026-06-18,A0012,,Streaming,,865,ACH,Everyday spend
T00342,2026-06-12,A0012,,Grocery,,519,CARD,Everyday spend
T00343,2026-06-14,A0012,,Insurer,,732,ACH,Everyday spend
T00344,2026-06-24,,A0012,EMPLOYER PAYROLL,,2730.77,ACH,Salary
T00345,2026-06-26,A0012,,Utility Co,,849,ACH,Everyday spend
T00346,2026-06-29,A0012,,Rent,,589,CARD,Everyday spend
T00347,2026-06-30,A0012,,Insurer,,728,ACH,Everyday spend
T00348,2026-04-01,,A0013,EMPLOYER PAYROLL,,2730.77,ACH,Salary
T00349,2026-04-03,A0013,,Streaming,,690,ACH,Everyday spend
T00350,2026-04-12,A0013,,Grocery,,458,CARD,Everyday spend
T00351,2026-04-02,A0013,,Rent,,78,ACH,Everyday spend
T00352,2026-04-03,A0013,,Insurer,,139,CARD,Everyday spend
T00353,2026-04-15,,A0013,EMPLOYER PAYROLL,,2730.77,ACH,Salary
T00354,2026-04-22,A0013,,Insurer,,504,ACH,Everyday spend
T00355,2026-04-22,A0013,,Rent,,641,CARD,Everyday spend
T00356,2026-04-29,,A0013,EMPLOYER PAYROLL,,2730.77,ACH,Salary
T00357,2026-05-01,A0013,,Insurer,,893,ACH,Everyday spend
T00358,2026-05-06,A0013,,Streaming,,326,CARD,Everyday spend
T00359,2026-05-03,A0013,,Grocery,,494,ACH,Everyday spend
T00360,2026-05-05,A0013,,Insurer,,141,ACH,Everyday spend
T00361,2026-05-13,,A0013,EMPLOYER PAYROLL,,2730.77,ACH,Salary
T00362,2026-05-19,A0013,,Streaming,,102,ACH,Everyday spend
T00363,2026-05-17,A0013,,Utility Co,,165,ACH,Everyday spend
T00364,2026-05-24,A0013,,Utility Co,,257,CARD,Everyday spend
T00365,2026-05-19,A0013,,Insurer,,289,CARD,Everyday spend
T00366,2026-05-27,,A0013,EMPLOYER PAYROLL,,2730.77,ACH,Salary
T00367,2026-05-29,A0013,,Insurer,,889,CARD,Everyday spend
T00368,2026-05-31,A0013,,Streaming,,872,CARD,Everyday spend
T00369,2026-06-10,,A0013,EMPLOYER PAYROLL,,2730.77,ACH,Salary
T00370,2026-06-20,A0013,,Grocery,,42,ACH,Everyday spend
T00371,2026-06-13,A0013,,Grocery,,593,ACH,Everyday spend
T00372,2026-06-24,,A0013,EMPLOYER PAYROLL,,2730.77,ACH,Salary
T00373,2026-07-05,A0013,,Utility Co,,66,CARD,Everyday spend
T00374,2026-06-30,A0013,,Insurer,,848,CARD,Everyday spend
T00375,2026-04-01,,A0014,EMPLOYER PAYROLL,,2115.38,ACH,Salary
T00376,2026-04-07,A0014,,Rent,,565,CARD,Everyday spend
T00377,2026-04-10,A0014,,Insurer,,266,CARD,Everyday spend
T00378,2026-04-06,A0014,,Utility Co,,509,CARD,Everyday spend
T00379,2026-04-15,,A0014,EMPLOYER PAYROLL,,2115.38,ACH,Salary
T00380,2026-04-22,A0014,,Rent,,476,CARD,Everyday spend
T00381,2026-04-27,A0014,,Utility Co,,494,CARD,Everyday spend
T00382,2026-04-21,A0014,,Utility Co,,662,CARD,Everyday spend
T00383,2026-04-29,,A0014,EMPLOYER PAYROLL,,2115.38,ACH,Salary
T00384,2026-05-04,A0014,,Rent,,679,ACH,Everyday spend
T00385,2026-05-09,A0014,,Rent,,583,ACH,Everyday spend
T00386,2026-05-13,,A0014,EMPLOYER PAYROLL,,2115.38,ACH,Salary
T00387,2026-05-23,A0014,,Utility Co,,480,CARD,Everyday spend
T00388,2026-05-24,A0014,,Rent,,706,CARD,Everyday spend
T00389,2026-05-21,A0014,,Streaming,,273,ACH,Everyday spend
T00390,2026-05-21,A0014,,Utility Co,,448,ACH,Everyday spend
T00391,2026-05-27,,A0014,EMPLOYER PAYROLL,,2115.38,ACH,Salary
T00392,2026-06-03,A0014,,Streaming,,360,ACH,Everyday spend
T00393,2026-05-30,A0014,,Utility Co,,743,ACH,Everyday spend
T00394,2026-05-29,A0014,,Utility Co,,891,CARD,Everyday spend
T00395,2026-06-10,,A0014,EMPLOYER PAYROLL,,2115.38,ACH,Salary
T00396,2026-06-12,A0014,,Grocery,,802,ACH,Everyday spend
T00397,2026-06-19,A0014,,Utility Co,,101,ACH,Everyday spend
T00398,2026-06-17,A0014,,Utility Co,,402,ACH,Everyday spend
T00399,2026-06-24,,A0014,EMPLOYER PAYROLL,,2115.38,ACH,Salary
T00400,2026-07-04,A0014,,Utility Co,,359,ACH,Everyday spend
T00401,2026-07-04,A0014,,Grocery,,559,CARD,Everyday spend
T00402,2026-07-05,A0014,,Utility Co,,533,CARD,Everyday spend
T00403,2026-04-01,,A0015,EMPLOYER PAYROLL,,2384.62,ACH,Salary
T00404,2026-04-12,A0015,,Insurer,,698,CARD,Everyday spend
T00405,2026-04-12,A0015,,Utility Co,,889,ACH,Everyday spend
T00406,2026-04-04,A0015,,Streaming,,319,ACH,Everyday spend
T00407,2026-04-07,A0015,,Grocery,,46,CARD,Everyday spend
T00408,2026-04-15,,A0015,EMPLOYER PAYROLL,,2384.62,ACH,Salary
T00409,2026-04-26,A0015,,Grocery,,450,CARD,Everyday spend
T00410,2026-04-27,A0015,,Utility Co,,688,CARD,Everyday spend
T00411,2026-04-27,A0015,,Rent,,583,CARD,Everyday spend
T00412,2026-04-22,A0015,,Grocery,,504,ACH,Everyday spend
T00413,2026-04-29,,A0015,EMPLOYER PAYROLL,,2384.62,ACH,Salary
T00414,2026-05-04,A0015,,Insurer,,778,ACH,Everyday spend
T00415,2026-05-09,A0015,,Grocery,,126,CARD,Everyday spend
T00416,2026-05-02,A0015,,Utility Co,,812,CARD,Everyday spend
T00417,2026-05-13,,A0015,EMPLOYER PAYROLL,,2384.62,ACH,Salary
T00418,2026-05-21,A0015,,Rent,,717,ACH,Everyday spend
T00419,2026-05-23,A0015,,Streaming,,492,ACH,Everyday spend
T00420,2026-05-17,A0015,,Streaming,,813,CARD,Everyday spend
T00421,2026-05-27,,A0015,EMPLOYER PAYROLL,,2384.62,ACH,Salary
T00422,2026-05-29,A0015,,Insurer,,330,ACH,Everyday spend
T00423,2026-06-07,A0015,,Grocery,,355,CARD,Everyday spend
T00424,2026-06-03,A0015,,Utility Co,,653,CARD,Everyday spend
T00425,2026-06-10,,A0015,EMPLOYER PAYROLL,,2384.62,ACH,Salary
T00426,2026-06-15,A0015,,Streaming,,256,CARD,Everyday spend
T00427,2026-06-15,A0015,,Utility Co,,375,CARD,Everyday spend
T00428,2026-06-24,,A0015,EMPLOYER PAYROLL,,2384.62,ACH,Salary
T00429,2026-07-06,A0015,,Grocery,,480,CARD,Everyday spend
T00430,2026-07-01,A0015,,Insurer,,585,CARD,Everyday spend
T00431,2026-07-03,A0015,,Utility Co,,893,ACH,Everyday spend
T00432,2026-04-01,,A0016,EMPLOYER PAYROLL,,1846.15,ACH,Salary
T00433,2026-04-12,A0016,,Utility Co,,467,ACH,Everyday spend
T00434,2026-04-08,A0016,,Grocery,,61,ACH,Everyday spend
T00435,2026-04-11,A0016,,Utility Co,,511,ACH,Everyday spend
T00436,2026-04-08,A0016,,Rent,,148,CARD,Everyday spend
T00437,2026-04-15,,A0016,EMPLOYER PAYROLL,,1846.15,ACH,Salary
T00438,2026-04-22,A0016,,Rent,,576,CARD,Everyday spend
T00439,2026-04-20,A0016,,Grocery,,803,ACH,Everyday spend
T00440,2026-04-21,A0016,,Utility Co,,837,CARD,Everyday spend
T00441,2026-04-24,A0016,,Insurer,,688,CARD,Everyday spend
T00442,2026-04-29,,A0016,EMPLOYER PAYROLL,,1846.15,ACH,Salary
T00443,2026-05-03,A0016,,Streaming,,834,ACH,Everyday spend
T00444,2026-05-11,A0016,,Grocery,,878,CARD,Everyday spend
T00445,2026-05-01,A0016,,Grocery,,189,ACH,Everyday spend
T00446,2026-05-02,A0016,,Utility Co,,656,CARD,Everyday spend
T00447,2026-05-13,,A0016,EMPLOYER PAYROLL,,1846.15,ACH,Salary
T00448,2026-05-24,A0016,,Insurer,,545,ACH,Everyday spend
T00449,2026-05-23,A0016,,Streaming,,499,ACH,Everyday spend
T00450,2026-05-27,,A0016,EMPLOYER PAYROLL,,1846.15,ACH,Salary
T00451,2026-06-04,A0016,,Rent,,109,ACH,Everyday spend
T00452,2026-06-07,A0016,,Insurer,,350,ACH,Everyday spend
T00453,2026-06-10,,A0016,EMPLOYER PAYROLL,,1846.15,ACH,Salary
T00454,2026-06-16,A0016,,Streaming,,559,CARD,Everyday spend
T00455,2026-06-18,A0016,,Utility Co,,502,CARD,Everyday spend
T00456,2026-06-24,,A0016,EMPLOYER PAYROLL,,1846.15,ACH,Salary
T00457,2026-06-29,A0016,,Insurer,,118,CARD,Everyday spend
T00458,2026-07-04,A0016,,Rent,,559,ACH,Everyday spend
T00459,2026-07-04,A0016,,Rent,,607,CARD,Everyday spend
T00460,2026-04-01,,A0017,EMPLOYER PAYROLL,,2115.38,ACH,Salary
T00461,2026-04-03,A0017,,Utility Co,,556,CARD,Everyday spend
T00462,2026-04-05,A0017,,Rent,,764,ACH,Everyday spend
T00463,2026-04-10,A0017,,Streaming,,575,CARD,Everyday spend
T00464,2026-04-07,A0017,,Rent,,329,ACH,Everyday spend
T00465,2026-04-15,,A0017,EMPLOYER PAYROLL,,2115.38,ACH,Salary
T00466,2026-04-26,A0017,,Streaming,,652,CARD,Everyday spend
T00467,2026-04-17,A0017,,Insurer,,377,CARD,Everyday spend
T00468,2026-04-26,A0017,,Streaming,,435,ACH,Everyday spend
T00469,2026-04-29,,A0017,EMPLOYER PAYROLL,,2115.38,ACH,Salary
T00470,2026-05-10,A0017,,Streaming,,657,CARD,Everyday spend
T00471,2026-05-01,A0017,,Streaming,,636,CARD,Everyday spend
T00472,2026-05-04,A0017,,Grocery,,711,ACH,Everyday spend
T00473,2026-05-09,A0017,,Streaming,,765,CARD,Everyday spend
T00474,2026-05-13,,A0017,EMPLOYER PAYROLL,,2115.38,ACH,Salary
T00475,2026-05-20,A0017,,Grocery,,698,ACH,Everyday spend
T00476,2026-05-24,A0017,,Rent,,759,CARD,Everyday spend
T00477,2026-05-22,A0017,,Streaming,,410,CARD,Everyday spend
T00478,2026-05-18,A0017,,Streaming,,224,CARD,Everyday spend
T00479,2026-05-27,,A0017,EMPLOYER PAYROLL,,2115.38,ACH,Salary
T00480,2026-05-31,A0017,,Grocery,,271,CARD,Everyday spend
T00481,2026-05-29,A0017,,Insurer,,342,CARD,Everyday spend
T00482,2026-06-05,A0017,,Streaming,,895,CARD,Everyday spend
T00483,2026-06-10,,A0017,EMPLOYER PAYROLL,,2115.38,ACH,Salary
T00484,2026-06-13,A0017,,Grocery,,651,ACH,Everyday spend
T00485,2026-06-13,A0017,,Rent,,225,CARD,Everyday spend
T00486,2026-06-11,A0017,,Grocery,,460,ACH,Everyday spend
T00487,2026-06-18,A0017,,Rent,,665,ACH,Everyday spend
T00488,2026-06-24,,A0017,EMPLOYER PAYROLL,,2115.38,ACH,Salary
T00489,2026-07-03,A0017,,Rent,,284,ACH,Everyday spend
T00490,2026-06-28,A0017,,Rent,,416,ACH,Everyday spend
T00491,2026-04-01,,A0018,EMPLOYER PAYROLL,,2115.38,ACH,Salary
T00492,2026-04-09,A0018,,Insurer,,420,CARD,Everyday spend
T00493,2026-04-03,A0018,,Grocery,,331,CARD,Everyday spend
T00494,2026-04-06,A0018,,Rent,,500,CARD,Everyday spend
T00495,2026-04-03,A0018,,Streaming,,267,ACH,Everyday spend
T00496,2026-04-15,,A0018,EMPLOYER PAYROLL,,2115.38,ACH,Salary
T00497,2026-04-22,A0018,,Insurer,,94,ACH,Everyday spend
T00498,2026-04-21,A0018,,Utility Co,,281,ACH,Everyday spend
T00499,2026-04-29,,A0018,EMPLOYER PAYROLL,,2115.38,ACH,Salary
T00500,2026-05-03,A0018,,Utility Co,,68,ACH,Everyday spend
T00501,2026-05-11,A0018,,Grocery,,705,ACH,Everyday spend
T00502,2026-05-02,A0018,,Rent,,79,ACH,Everyday spend
T00503,2026-05-13,,A0018,EMPLOYER PAYROLL,,2115.38,ACH,Salary
T00504,2026-05-16,A0018,,Rent,,817,ACH,Everyday spend
T00505,2026-05-23,A0018,,Utility Co,,45,CARD,Everyday spend
T00506,2026-05-18,A0018,,Insurer,,260,CARD,Everyday spend
T00507,2026-05-25,A0018,,Utility Co,,663,ACH,Everyday spend
T00508,2026-05-27,,A0018,EMPLOYER PAYROLL,,2115.38,ACH,Salary
T00509,2026-05-31,A0018,,Utility Co,,348,CARD,Everyday spend
T00510,2026-05-31,A0018,,Utility Co,,469,ACH,Everyday spend
T00511,2026-05-29,A0018,,Insurer,,896,ACH,Everyday spend
T00512,2026-06-10,,A0018,EMPLOYER PAYROLL,,2115.38,ACH,Salary
T00513,2026-06-11,A0018,,Grocery,,687,CARD,Everyday spend
T00514,2026-06-15,A0018,,Insurer,,479,CARD,Everyday spend
T00515,2026-06-16,A0018,,Grocery,,286,ACH,Everyday spend
T00516,2026-06-21,A0018,,Insurer,,724,CARD,Everyday spend
T00517,2026-06-24,,A0018,EMPLOYER PAYROLL,,2115.38,ACH,Salary
T00518,2026-06-26,A0018,,Rent,,578,CARD,Everyday spend
T00519,2026-07-02,A0018,,Streaming,,84,ACH,Everyday spend
T00520,2026-06-29,A0018,,Streaming,,805,CARD,Everyday spend
T00521,2026-04-01,,A0019,EMPLOYER PAYROLL,,3653.85,ACH,Salary
T00522,2026-04-10,A0019,,Rent,,386,CARD,Everyday spend
T00523,2026-04-13,A0019,,Grocery,,530,CARD,Everyday spend
T00524,2026-04-03,A0019,,Utility Co,,773,ACH,Everyday spend
T00525,2026-04-15,,A0019,EMPLOYER PAYROLL,,3653.85,ACH,Salary
T00526,2026-04-19,A0019,,Utility Co,,84,CARD,Everyday spend
T00527,2026-04-21,A0019,,Insurer,,357,ACH,Everyday spend
T00528,2026-04-23,A0019,,Grocery,,299,CARD,Everyday spend
T00529,2026-04-29,,A0019,EMPLOYER PAYROLL,,3653.85,ACH,Salary
T00530,2026-05-05,A0019,,Streaming,,839,CARD,Everyday spend
T00531,2026-05-04,A0019,,Rent,,167,ACH,Everyday spend
T00532,2026-05-06,A0019,,Rent,,801,ACH,Everyday spend
T00533,2026-05-13,,A0019,EMPLOYER PAYROLL,,3653.85,ACH,Salary
T00534,2026-05-16,A0019,,Streaming,,548,ACH,Everyday spend
T00535,2026-05-22,A0019,,Rent,,313,CARD,Everyday spend
T00536,2026-05-15,A0019,,Insurer,,480,CARD,Everyday spend
T00537,2026-05-27,,A0019,EMPLOYER PAYROLL,,3653.85,ACH,Salary
T00538,2026-06-02,A0019,,Streaming,,145,CARD,Everyday spend
T00539,2026-06-07,A0019,,Rent,,342,ACH,Everyday spend
T00540,2026-06-06,A0019,,Grocery,,774,ACH,Everyday spend
T00541,2026-06-10,,A0019,EMPLOYER PAYROLL,,3653.85,ACH,Salary
T00542,2026-06-18,A0019,,Utility Co,,399,ACH,Everyday spend
T00543,2026-06-22,A0019,,Streaming,,401,ACH,Everyday spend
T00544,2026-06-21,A0019,,Utility Co,,850,CARD,Everyday spend
T00545,2026-06-21,A0019,,Streaming,,692,ACH,Everyday spend
T00546,2026-06-24,,A0019,EMPLOYER PAYROLL,,3653.85,ACH,Salary
T00547,2026-07-06,A0019,,Utility Co,,735,CARD,Everyday spend
T00548,2026-06-27,A0019,,Utility Co,,662,ACH,Everyday spend
T00549,2026-06-27,A0019,,Streaming,,108,CARD,Everyday spend
T00550,2026-06-30,A0019,,Insurer,,432,CARD,Everyday spend
T00551,2026-04-01,,A0020,EMPLOYER PAYROLL,,4230.77,ACH,Salary
T00552,2026-04-07,A0020,,Grocery,,705,ACH,Everyday spend
T00553,2026-04-03,A0020,,Rent,,66,CARD,Everyday spend
T00554,2026-04-10,A0020,,Streaming,,436,CARD,Everyday spend
T00555,2026-04-15,,A0020,EMPLOYER PAYROLL,,4230.77,ACH,Salary
T00556,2026-04-27,A0020,,Insurer,,496,CARD,Everyday spend
T00557,2026-04-20,A0020,,Grocery,,750,ACH,Everyday spend
T00558,2026-04-17,A0020,,Rent,,178,CARD,Everyday spend
T00559,2026-04-29,,A0020,EMPLOYER PAYROLL,,4230.77,ACH,Salary
T00560,2026-05-11,A0020,,Streaming,,495,CARD,Everyday spend
T00561,2026-05-10,A0020,,Insurer,,395,CARD,Everyday spend
T00562,2026-05-13,,A0020,EMPLOYER PAYROLL,,4230.77,ACH,Salary
T00563,2026-05-18,A0020,,Grocery,,347,CARD,Everyday spend
T00564,2026-05-19,A0020,,Utility Co,,560,CARD,Everyday spend
T00565,2026-05-17,A0020,,Grocery,,851,CARD,Everyday spend
T00566,2026-05-21,A0020,,Insurer,,66,ACH,Everyday spend
T00567,2026-05-27,,A0020,EMPLOYER PAYROLL,,4230.77,ACH,Salary
T00568,2026-06-02,A0020,,Insurer,,518,CARD,Everyday spend
T00569,2026-05-29,A0020,,Rent,,107,ACH,Everyday spend
T00570,2026-06-08,A0020,,Insurer,,776,ACH,Everyday spend
T00571,2026-06-03,A0020,,Insurer,,827,ACH,Everyday spend
T00572,2026-06-10,,A0020,EMPLOYER PAYROLL,,4230.77,ACH,Salary
T00573,2026-06-13,A0020,,Rent,,364,CARD,Everyday spend
T00574,2026-06-18,A0020,,Grocery,,736,ACH,Everyday spend
T00575,2026-06-24,,A0020,EMPLOYER PAYROLL,,4230.77,ACH,Salary
T00576,2026-07-05,A0020,,Grocery,,641,CARD,Everyday spend
T00577,2026-07-01,A0020,,Utility Co,,554,CARD,Everyday spend
T00578,2026-07-03,A0020,,Grocery,,196,ACH,Everyday spend
T00579,2026-06-27,A0020,,Streaming,,370,CARD,Everyday spend
T00580,2026-04-01,,A0021,EMPLOYER PAYROLL,,2115.38,ACH,Salary
T00581,2026-04-03,A0021,,Insurer,,554,CARD,Everyday spend
T00582,2026-04-11,A0021,,Insurer,,197,CARD,Everyday spend
T00583,2026-04-13,A0021,,Insurer,,659,ACH,Everyday spend
T00584,2026-04-02,A0021,,Utility Co,,885,CARD,Everyday spend
T00585,2026-04-15,,A0021,EMPLOYER PAYROLL,,2115.38,ACH,Salary
T00586,2026-04-26,A0021,,Grocery,,829,ACH,Everyday spend
T00587,2026-04-25,A0021,,Rent,,466,CARD,Everyday spend
T00588,2026-04-29,,A0021,EMPLOYER PAYROLL,,2115.38,ACH,Salary
T00589,2026-05-08,A0021,,Rent,,336,ACH,Everyday spend
T00590,2026-05-03,A0021,,Streaming,,864,ACH,Everyday spend
T00591,2026-05-07,A0021,,Grocery,,114,CARD,Everyday spend
T00592,2026-05-07,A0021,,Rent,,465,ACH,Everyday spend
T00593,2026-05-13,,A0021,EMPLOYER PAYROLL,,2115.38,ACH,Salary
T00594,2026-05-19,A0021,,Streaming,,661,CARD,Everyday spend
T00595,2026-05-25,A0021,,Rent,,366,ACH,Everyday spend
T00596,2026-05-27,,A0021,EMPLOYER PAYROLL,,2115.38,ACH,Salary
T00597,2026-06-02,A0021,,Streaming,,567,CARD,Everyday spend
T00598,2026-05-31,A0021,,Streaming,,517,CARD,Everyday spend
T00599,2026-06-10,,A0021,EMPLOYER PAYROLL,,2115.38,ACH,Salary
T00600,2026-06-14,A0021,,Utility Co,,184,CARD,Everyday spend
T00601,2026-06-15,A0021,,Grocery,,433,ACH,Everyday spend
T00602,2026-06-13,A0021,,Insurer,,873,ACH,Everyday spend
T00603,2026-06-24,,A0021,EMPLOYER PAYROLL,,2115.38,ACH,Salary
T00604,2026-06-30,A0021,,Rent,,234,CARD,Everyday spend
T00605,2026-07-03,A0021,,Streaming,,518,ACH,Everyday spend
T00606,2026-07-02,A0021,,Rent,,63,CARD,Everyday spend
T00607,2026-07-03,A0021,,Grocery,,508,CARD,Everyday spend
T00608,2026-04-01,,A0022,EMPLOYER PAYROLL,,3192.31,ACH,Salary
T00609,2026-04-08,A0022,,Streaming,,177,ACH,Everyday spend
T00610,2026-04-08,A0022,,Rent,,414,CARD,Everyday spend
T00611,2026-04-15,,A0022,EMPLOYER PAYROLL,,3192.31,ACH,Salary
T00612,2026-04-25,A0022,,Streaming,,615,CARD,Everyday spend
T00613,2026-04-24,A0022,,Rent,,335,CARD,Everyday spend
T00614,2026-04-29,,A0022,EMPLOYER PAYROLL,,3192.31,ACH,Salary
T00615,2026-05-07,A0022,,Insurer,,822,ACH,Everyday spend
T00616,2026-05-10,A0022,,Grocery,,665,CARD,Everyday spend
T00617,2026-05-01,A0022,,Streaming,,443,ACH,Everyday spend
T00618,2026-05-08,A0022,,Grocery,,414,CARD,Everyday spend
T00619,2026-05-13,,A0022,EMPLOYER PAYROLL,,3192.31,ACH,Salary
T00620,2026-05-22,A0022,,Utility Co,,451,CARD,Everyday spend
T00621,2026-05-14,A0022,,Rent,,180,ACH,Everyday spend
T00622,2026-05-22,A0022,,Insurer,,507,CARD,Everyday spend
T00623,2026-05-22,A0022,,Insurer,,183,ACH,Everyday spend
T00624,2026-05-27,,A0022,EMPLOYER PAYROLL,,3192.31,ACH,Salary
T00625,2026-05-30,A0022,,Insurer,,442,ACH,Everyday spend
T00626,2026-06-02,A0022,,Insurer,,559,ACH,Everyday spend
T00627,2026-06-01,A0022,,Streaming,,526,CARD,Everyday spend
T00628,2026-06-10,,A0022,EMPLOYER PAYROLL,,3192.31,ACH,Salary
T00629,2026-06-21,A0022,,Insurer,,152,ACH,Everyday spend
T00630,2026-06-15,A0022,,Insurer,,855,CARD,Everyday spend
T00631,2026-06-18,A0022,,Utility Co,,311,CARD,Everyday spend
T00632,2026-06-24,,A0022,EMPLOYER PAYROLL,,3192.31,ACH,Salary
T00633,2026-07-02,A0022,,Grocery,,214,ACH,Everyday spend
T00634,2026-07-05,A0022,,Insurer,,288,CARD,Everyday spend
T00635,2026-07-06,A0022,,Utility Co,,152,CARD,Everyday spend
T00636,2026-07-02,A0022,,Grocery,,361,ACH,Everyday spend
T00637,2026-04-01,,A0023,EMPLOYER PAYROLL,,3192.31,ACH,Salary
T00638,2026-04-10,A0023,,Insurer,,372,ACH,Everyday spend
T00639,2026-04-08,A0023,,Rent,,361,CARD,Everyday spend
T00640,2026-04-15,,A0023,EMPLOYER PAYROLL,,3192.31,ACH,Salary
T00641,2026-04-21,A0023,,Streaming,,599,ACH,Everyday spend
T00642,2026-04-25,A0023,,Grocery,,535,CARD,Everyday spend
T00643,2026-04-20,A0023,,Grocery,,611,ACH,Everyday spend
T00644,2026-04-20,A0023,,Grocery,,829,ACH,Everyday spend
T00645,2026-04-29,,A0023,EMPLOYER PAYROLL,,3192.31,ACH,Salary
T00646,2026-05-11,A0023,,Rent,,540,ACH,Everyday spend
T00647,2026-05-05,A0023,,Streaming,,613,ACH,Everyday spend
T00648,2026-05-01,A0023,,Rent,,627,ACH,Everyday spend
T00649,2026-05-05,A0023,,Streaming,,831,CARD,Everyday spend
T00650,2026-05-13,,A0023,EMPLOYER PAYROLL,,3192.31,ACH,Salary
T00651,2026-05-18,A0023,,Streaming,,771,CARD,Everyday spend
T00652,2026-05-21,A0023,,Rent,,711,ACH,Everyday spend
T00653,2026-05-27,,A0023,EMPLOYER PAYROLL,,3192.31,ACH,Salary
T00654,2026-05-31,A0023,,Insurer,,887,ACH,Everyday spend
T00655,2026-06-08,A0023,,Utility Co,,318,CARD,Everyday spend
T00656,2026-06-10,,A0023,EMPLOYER PAYROLL,,3192.31,ACH,Salary
T00657,2026-06-22,A0023,,Grocery,,640,CARD,Everyday spend
T00658,2026-06-11,A0023,,Grocery,,725,CARD,Everyday spend
T00659,2026-06-11,A0023,,Streaming,,142,ACH,Everyday spend
T00660,2026-06-22,A0023,,Grocery,,523,CARD,Everyday spend
T00661,2026-06-24,,A0023,EMPLOYER PAYROLL,,3192.31,ACH,Salary
T00662,2026-07-03,A0023,,Rent,,201,ACH,Everyday spend
T00663,2026-07-02,A0023,,Streaming,,706,CARD,Everyday spend
T00664,2026-04-01,,A0024,EMPLOYER PAYROLL,,1846.15,ACH,Salary
T00665,2026-04-02,A0024,,Rent,,896,ACH,Everyday spend
T00666,2026-04-04,A0024,,Utility Co,,806,ACH,Everyday spend
T00667,2026-04-15,,A0024,EMPLOYER PAYROLL,,1846.15,ACH,Salary
T00668,2026-04-20,A0024,,Streaming,,621,CARD,Everyday spend
T00669,2026-04-20,A0024,,Grocery,,505,ACH,Everyday spend
T00670,2026-04-29,,A0024,EMPLOYER PAYROLL,,1846.15,ACH,Salary
T00671,2026-05-07,A0024,,Utility Co,,319,CARD,Everyday spend
T00672,2026-05-05,A0024,,Streaming,,206,ACH,Everyday spend
T00673,2026-05-11,A0024,,Streaming,,230,CARD,Everyday spend
T00674,2026-05-04,A0024,,Grocery,,621,CARD,Everyday spend
T00675,2026-05-13,,A0024,EMPLOYER PAYROLL,,1846.15,ACH,Salary
T00676,2026-05-24,A0024,,Insurer,,455,ACH,Everyday spend
T00677,2026-05-19,A0024,,Utility Co,,128,ACH,Everyday spend
T00678,2026-05-16,A0024,,Streaming,,183,ACH,Everyday spend
T00679,2026-05-17,A0024,,Rent,,46,ACH,Everyday spend
T00680,2026-05-27,,A0024,EMPLOYER PAYROLL,,1846.15,ACH,Salary
T00681,2026-06-04,A0024,,Streaming,,811,ACH,Everyday spend
T00682,2026-06-01,A0024,,Streaming,,636,CARD,Everyday spend
T00683,2026-06-10,,A0024,EMPLOYER PAYROLL,,1846.15,ACH,Salary
T00684,2026-06-16,A0024,,Utility Co,,749,CARD,Everyday spend
T00685,2026-06-21,A0024,,Streaming,,161,ACH,Everyday spend
T00686,2026-06-13,A0024,,Utility Co,,455,ACH,Everyday spend
T00687,2026-06-21,A0024,,Insurer,,342,ACH,Everyday spend
T00688,2026-06-24,,A0024,EMPLOYER PAYROLL,,1846.15,ACH,Salary
T00689,2026-06-28,A0024,,Grocery,,176,ACH,Everyday spend
T00690,2026-07-02,A0024,,Rent,,805,ACH,Everyday spend
T00691,2026-04-01,,A0025,EMPLOYER PAYROLL,,3653.85,ACH,Salary
T00692,2026-04-09,A0025,,Utility Co,,580,ACH,Everyday spend
T00693,2026-04-11,A0025,,Insurer,,154,CARD,Everyday spend
T00694,2026-04-10,A0025,,Grocery,,247,CARD,Everyday spend
T00695,2026-04-07,A0025,,Utility Co,,572,ACH,Everyday spend
T00696,2026-04-15,,A0025,EMPLOYER PAYROLL,,3653.85,ACH,Salary
T00697,2026-04-19,A0025,,Utility Co,,774,ACH,Everyday spend
T00698,2026-04-24,A0025,,Rent,,496,CARD,Everyday spend
T00699,2026-04-18,A0025,,Rent,,565,ACH,Everyday spend
T00700,2026-04-25,A0025,,Streaming,,99,ACH,Everyday spend
T00701,2026-04-29,,A0025,EMPLOYER PAYROLL,,3653.85,ACH,Salary
T00702,2026-04-30,A0025,,Utility Co,,445,ACH,Everyday spend
T00703,2026-05-11,A0025,,Utility Co,,263,CARD,Everyday spend
T00704,2026-05-06,A0025,,Insurer,,392,CARD,Everyday spend
T00705,2026-04-30,A0025,,Utility Co,,110,ACH,Everyday spend
T00706,2026-05-13,,A0025,EMPLOYER PAYROLL,,3653.85,ACH,Salary
T00707,2026-05-20,A0025,,Rent,,224,CARD,Everyday spend
T00708,2026-05-19,A0025,,Rent,,431,ACH,Everyday spend
T00709,2026-05-20,A0025,,Streaming,,122,CARD,Everyday spend
T00710,2026-05-27,,A0025,EMPLOYER PAYROLL,,3653.85,ACH,Salary
T00711,2026-05-30,A0025,,Insurer,,590,ACH,Everyday spend
T00712,2026-05-30,A0025,,Utility Co,,785,CARD,Everyday spend
T00713,2026-06-10,,A0025,EMPLOYER PAYROLL,,3653.85,ACH,Salary
T00714,2026-06-15,A0025,,Insurer,,514,ACH,Everyday spend
T00715,2026-06-17,A0025,,Grocery,,883,CARD,Everyday spend
T00716,2026-06-24,,A0025,EMPLOYER PAYROLL,,3653.85,ACH,Salary
T00717,2026-06-30,A0025,,Grocery,,198,ACH,Everyday spend
T00718,2026-07-06,A0025,,Utility Co,,823,CARD,Everyday spend
T00719,2026-07-05,A0025,,Grocery,,469,CARD,Everyday spend
T00720,2026-04-01,,A0026,EMPLOYER PAYROLL,,2730.77,ACH,Salary
T00721,2026-04-05,A0026,,Utility Co,,592,CARD,Everyday spend
T00722,2026-04-04,A0026,,Grocery,,555,ACH,Everyday spend
T00723,2026-04-13,A0026,,Insurer,,629,ACH,Everyday spend
T00724,2026-04-15,,A0026,EMPLOYER PAYROLL,,2730.77,ACH,Salary
T00725,2026-04-26,A0026,,Grocery,,878,ACH,Everyday spend
T00726,2026-04-20,A0026,,Rent,,186,CARD,Everyday spend
T00727,2026-04-20,A0026,,Insurer,,321,CARD,Everyday spend
T00728,2026-04-25,A0026,,Rent,,792,CARD,Everyday spend
T00729,2026-04-29,,A0026,EMPLOYER PAYROLL,,2730.77,ACH,Salary
T00730,2026-05-07,A0026,,Rent,,88,ACH,Everyday spend
T00731,2026-05-08,A0026,,Rent,,366,ACH,Everyday spend
T00732,2026-05-02,A0026,,Grocery,,347,ACH,Everyday spend
T00733,2026-05-08,A0026,,Grocery,,524,CARD,Everyday spend
T00734,2026-05-13,,A0026,EMPLOYER PAYROLL,,2730.77,ACH,Salary
T00735,2026-05-25,A0026,,Utility Co,,187,ACH,Everyday spend
T00736,2026-05-22,A0026,,Insurer,,462,ACH,Everyday spend
T00737,2026-05-22,A0026,,Grocery,,177,ACH,Everyday spend
T00738,2026-05-27,,A0026,EMPLOYER PAYROLL,,2730.77,ACH,Salary
T00739,2026-05-31,A0026,,Rent,,378,CARD,Everyday spend
T00740,2026-06-02,A0026,,Utility Co,,134,CARD,Everyday spend
T00741,2026-06-01,A0026,,Utility Co,,426,CARD,Everyday spend
T00742,2026-06-10,,A0026,EMPLOYER PAYROLL,,2730.77,ACH,Salary
T00743,2026-06-20,A0026,,Rent,,781,CARD,Everyday spend
T00744,2026-06-14,A0026,,Utility Co,,380,ACH,Everyday spend
T00745,2026-06-24,,A0026,EMPLOYER PAYROLL,,2730.77,ACH,Salary
T00746,2026-06-28,A0026,,Rent,,799,CARD,Everyday spend
T00747,2026-06-28,A0026,,Rent,,752,CARD,Everyday spend
T00748,2026-04-01,,A0027,EMPLOYER PAYROLL,,2730.77,ACH,Salary
T00749,2026-04-09,A0027,,Rent,,517,CARD,Everyday spend
T00750,2026-04-07,A0027,,Streaming,,248,ACH,Everyday spend
T00751,2026-04-08,A0027,,Grocery,,86,CARD,Everyday spend
T00752,2026-04-02,A0027,,Streaming,,307,ACH,Everyday spend
T00753,2026-04-15,,A0027,EMPLOYER PAYROLL,,2730.77,ACH,Salary
T00754,2026-04-19,A0027,,Rent,,377,CARD,Everyday spend
T00755,2026-04-25,A0027,,Rent,,893,CARD,Everyday spend
T00756,2026-04-29,,A0027,EMPLOYER PAYROLL,,2730.77,ACH,Salary
T00757,2026-05-10,A0027,,Streaming,,741,ACH,Everyday spend
T00758,2026-05-07,A0027,,Rent,,780,ACH,Everyday spend
T00759,2026-05-02,A0027,,Grocery,,790,ACH,Everyday spend
T00760,2026-05-02,A0027,,Grocery,,777,ACH,Everyday spend
T00761,2026-05-13,,A0027,EMPLOYER PAYROLL,,2730.77,ACH,Salary
T00762,2026-05-24,A0027,,Utility Co,,100,CARD,Everyday spend
T00763,2026-05-24,A0027,,Rent,,89,CARD,Everyday spend
T00764,2026-05-16,A0027,,Utility Co,,685,CARD,Everyday spend
T00765,2026-05-25,A0027,,Grocery,,194,CARD,Everyday spend
T00766,2026-05-27,,A0027,EMPLOYER PAYROLL,,2730.77,ACH,Salary
T00767,2026-06-04,A0027,,Insurer,,422,CARD,Everyday spend
T00768,2026-06-07,A0027,,Rent,,722,ACH,Everyday spend
T00769,2026-05-28,A0027,,Utility Co,,46,ACH,Everyday spend
T00770,2026-05-28,A0027,,Insurer,,582,ACH,Everyday spend
T00771,2026-06-10,,A0027,EMPLOYER PAYROLL,,2730.77,ACH,Salary
T00772,2026-06-11,A0027,,Grocery,,554,ACH,Everyday spend
T00773,2026-06-12,A0027,,Grocery,,138,CARD,Everyday spend
T00774,2026-06-14,A0027,,Streaming,,674,ACH,Everyday spend
T00775,2026-06-24,,A0027,EMPLOYER PAYROLL,,2730.77,ACH,Salary
T00776,2026-07-01,A0027,,Rent,,120,ACH,Everyday spend
T00777,2026-07-02,A0027,,Grocery,,618,CARD,Everyday spend
T00778,2026-06-29,A0027,,Utility Co,,740,CARD,Everyday spend
T00779,2026-04-01,,A0028,EMPLOYER PAYROLL,,2730.77,ACH,Salary
T00780,2026-04-08,A0028,,Insurer,,700,ACH,Everyday spend
T00781,2026-04-03,A0028,,Grocery,,580,CARD,Everyday spend
T00782,2026-04-05,A0028,,Streaming,,748,ACH,Everyday spend
T00783,2026-04-15,,A0028,EMPLOYER PAYROLL,,2730.77,ACH,Salary
T00784,2026-04-17,A0028,,Insurer,,740,ACH,Everyday spend
T00785,2026-04-25,A0028,,Grocery,,713,CARD,Everyday spend
T00786,2026-04-29,,A0028,EMPLOYER PAYROLL,,2730.77,ACH,Salary
T00787,2026-04-30,A0028,,Rent,,252,CARD,Everyday spend
T00788,2026-05-01,A0028,,Insurer,,346,CARD,Everyday spend
T00789,2026-05-03,A0028,,Insurer,,620,ACH,Everyday spend
T00790,2026-05-13,,A0028,EMPLOYER PAYROLL,,2730.77,ACH,Salary
T00791,2026-05-20,A0028,,Utility Co,,813,CARD,Everyday spend
T00792,2026-05-22,A0028,,Utility Co,,803,ACH,Everyday spend
T00793,2026-05-15,A0028,,Utility Co,,487,CARD,Everyday spend
T00794,2026-05-27,,A0028,EMPLOYER PAYROLL,,2730.77,ACH,Salary
T00795,2026-06-06,A0028,,Streaming,,827,ACH,Everyday spend
T00796,2026-05-28,A0028,,Rent,,689,ACH,Everyday spend
T00797,2026-06-04,A0028,,Insurer,,273,ACH,Everyday spend
T00798,2026-06-10,,A0028,EMPLOYER PAYROLL,,2730.77,ACH,Salary
T00799,2026-06-17,A0028,,Utility Co,,230,ACH,Everyday spend
T00800,2026-06-20,A0028,,Utility Co,,342,CARD,Everyday spend
T00801,2026-06-12,A0028,,Rent,,314,CARD,Everyday spend
T00802,2026-06-24,,A0028,EMPLOYER PAYROLL,,2730.77,ACH,Salary
T00803,2026-07-05,A0028,,Streaming,,197,ACH,Everyday spend
T00804,2026-06-30,A0028,,Utility Co,,149,CARD,Everyday spend
T00805,2026-06-29,A0028,,Streaming,,495,ACH,Everyday spend
T00806,2026-06-26,A0028,,Grocery,,175,CARD,Everyday spend
T00807,2026-04-01,,A0029,EMPLOYER PAYROLL,,2730.77,ACH,Salary
T00808,2026-04-03,A0029,,Rent,,651,ACH,Everyday spend
T00809,2026-04-02,A0029,,Rent,,338,ACH,Everyday spend
T00810,2026-04-03,A0029,,Insurer,,782,CARD,Everyday spend
T00811,2026-04-10,A0029,,Grocery,,213,ACH,Everyday spend
T00812,2026-04-15,,A0029,EMPLOYER PAYROLL,,2730.77,ACH,Salary
T00813,2026-04-20,A0029,,Rent,,348,ACH,Everyday spend
T00814,2026-04-18,A0029,,Rent,,104,CARD,Everyday spend
T00815,2026-04-29,,A0029,EMPLOYER PAYROLL,,2730.77,ACH,Salary
T00816,2026-05-06,A0029,,Utility Co,,346,ACH,Everyday spend
T00817,2026-05-05,A0029,,Rent,,297,CARD,Everyday spend
T00818,2026-05-09,A0029,,Rent,,671,CARD,Everyday spend
T00819,2026-05-13,,A0029,EMPLOYER PAYROLL,,2730.77,ACH,Salary
T00820,2026-05-16,A0029,,Rent,,351,CARD,Everyday spend
T00821,2026-05-19,A0029,,Streaming,,675,ACH,Everyday spend
T00822,2026-05-27,,A0029,EMPLOYER PAYROLL,,2730.77,ACH,Salary
T00823,2026-06-02,A0029,,Streaming,,480,CARD,Everyday spend
T00824,2026-06-02,A0029,,Rent,,657,CARD,Everyday spend
T00825,2026-06-02,A0029,,Streaming,,221,ACH,Everyday spend
T00826,2026-06-10,,A0029,EMPLOYER PAYROLL,,2730.77,ACH,Salary
T00827,2026-06-22,A0029,,Insurer,,751,ACH,Everyday spend
T00828,2026-06-14,A0029,,Streaming,,373,ACH,Everyday spend
T00829,2026-06-17,A0029,,Insurer,,413,CARD,Everyday spend
T00830,2026-06-24,,A0029,EMPLOYER PAYROLL,,2730.77,ACH,Salary
T00831,2026-07-04,A0029,,Insurer,,598,CARD,Everyday spend
T00832,2026-06-25,A0029,,Grocery,,784,ACH,Everyday spend
T00833,2026-04-01,,A0030,EMPLOYER PAYROLL,,4230.77,ACH,Salary
T00834,2026-04-05,A0030,,Rent,,298,CARD,Everyday spend
T00835,2026-04-08,A0030,,Insurer,,115,ACH,Everyday spend
T00836,2026-04-09,A0030,,Insurer,,636,ACH,Everyday spend
T00837,2026-04-15,,A0030,EMPLOYER PAYROLL,,4230.77,ACH,Salary
T00838,2026-04-27,A0030,,Streaming,,468,CARD,Everyday spend
T00839,2026-04-27,A0030,,Utility Co,,871,CARD,Everyday spend
T00840,2026-04-19,A0030,,Grocery,,713,ACH,Everyday spend
T00841,2026-04-26,A0030,,Insurer,,667,CARD,Everyday spend
T00842,2026-04-29,,A0030,EMPLOYER PAYROLL,,4230.77,ACH,Salary
T00843,2026-05-10,A0030,,Streaming,,702,ACH,Everyday spend
T00844,2026-05-06,A0030,,Utility Co,,148,CARD,Everyday spend
T00845,2026-05-04,A0030,,Rent,,267,CARD,Everyday spend
T00846,2026-05-05,A0030,,Insurer,,440,ACH,Everyday spend
T00847,2026-05-13,,A0030,EMPLOYER PAYROLL,,4230.77,ACH,Salary
T00848,2026-05-22,A0030,,Utility Co,,194,ACH,Everyday spend
T00849,2026-05-21,A0030,,Rent,,147,ACH,Everyday spend
T00850,2026-05-15,A0030,,Streaming,,158,CARD,Everyday spend
T00851,2026-05-18,A0030,,Grocery,,391,ACH,Everyday spend
T00852,2026-05-27,,A0030,EMPLOYER PAYROLL,,4230.77,ACH,Salary
T00853,2026-06-04,A0030,,Utility Co,,396,ACH,Everyday spend
T00854,2026-06-04,A0030,,Streaming,,779,ACH,Everyday spend
T00855,2026-05-29,A0030,,Utility Co,,347,CARD,Everyday spend
T00856,2026-05-28,A0030,,Grocery,,391,CARD,Everyday spend
T00857,2026-06-10,,A0030,EMPLOYER PAYROLL,,4230.77,ACH,Salary
T00858,2026-06-14,A0030,,Insurer,,568,CARD,Everyday spend
T00859,2026-06-13,A0030,,Rent,,378,ACH,Everyday spend
T00860,2026-06-14,A0030,,Grocery,,856,ACH,Everyday spend
T00861,2026-06-13,A0030,,Rent,,695,ACH,Everyday spend
T00862,2026-06-24,,A0030,EMPLOYER PAYROLL,,4230.77,ACH,Salary
T00863,2026-07-06,A0030,,Rent,,668,CARD,Everyday spend
T00864,2026-07-04,A0030,,Utility Co,,479,ACH,Everyday spend
T00865,2026-04-01,,A0031,EMPLOYER PAYROLL,,4230.77,ACH,Salary
T00866,2026-04-07,A0031,,Utility Co,,241,ACH,Everyday spend
T00867,2026-04-06,A0031,,Insurer,,726,ACH,Everyday spend
T00868,2026-04-12,A0031,,Insurer,,360,ACH,Everyday spend
T00869,2026-04-15,,A0031,EMPLOYER PAYROLL,,4230.77,ACH,Salary
T00870,2026-04-25,A0031,,Streaming,,156,ACH,Everyday spend
T00871,2026-04-23,A0031,,Streaming,,672,CARD,Everyday spend
T00872,2026-04-25,A0031,,Grocery,,644,CARD,Everyday spend
T00873,2026-04-29,,A0031,EMPLOYER PAYROLL,,4230.77,ACH,Salary
T00874,2026-05-01,A0031,,Utility Co,,284,ACH,Everyday spend
T00875,2026-05-02,A0031,,Insurer,,422,CARD,Everyday spend
T00876,2026-05-06,A0031,,Insurer,,468,CARD,Everyday spend
T00877,2026-05-13,,A0031,EMPLOYER PAYROLL,,4230.77,ACH,Salary
T00878,2026-05-20,A0031,,Insurer,,230,ACH,Everyday spend
T00879,2026-05-25,A0031,,Insurer,,700,CARD,Everyday spend
T00880,2026-05-16,A0031,,Grocery,,541,ACH,Everyday spend
T00881,2026-05-27,,A0031,EMPLOYER PAYROLL,,4230.77,ACH,Salary
T00882,2026-06-02,A0031,,Streaming,,501,CARD,Everyday spend
T00883,2026-05-28,A0031,,Grocery,,536,CARD,Everyday spend
T00884,2026-06-10,,A0031,EMPLOYER PAYROLL,,4230.77,ACH,Salary
T00885,2026-06-19,A0031,,Rent,,557,ACH,Everyday spend
T00886,2026-06-21,A0031,,Rent,,543,ACH,Everyday spend
T00887,2026-06-18,A0031,,Insurer,,211,CARD,Everyday spend
T00888,2026-06-24,,A0031,EMPLOYER PAYROLL,,4230.77,ACH,Salary
T00889,2026-06-28,A0031,,Streaming,,339,CARD,Everyday spend
T00890,2026-06-28,A0031,,Grocery,,590,ACH,Everyday spend
T00891,2026-04-01,,A0032,EMPLOYER PAYROLL,,3192.31,ACH,Salary
T00892,2026-04-02,A0032,,Insurer,,818,ACH,Everyday spend
T00893,2026-04-05,A0032,,Grocery,,475,CARD,Everyday spend
T00894,2026-04-06,A0032,,Streaming,,73,ACH,Everyday spend
T00895,2026-04-07,A0032,,Rent,,876,CARD,Everyday spend
T00896,2026-04-15,,A0032,EMPLOYER PAYROLL,,3192.31,ACH,Salary
T00897,2026-04-19,A0032,,Insurer,,254,ACH,Everyday spend
T00898,2026-04-26,A0032,,Insurer,,478,CARD,Everyday spend
T00899,2026-04-29,,A0032,EMPLOYER PAYROLL,,3192.31,ACH,Salary
T00900,2026-05-03,A0032,,Utility Co,,873,CARD,Everyday spend
T00901,2026-05-09,A0032,,Insurer,,399,ACH,Everyday spend
T00902,2026-05-13,,A0032,EMPLOYER PAYROLL,,3192.31,ACH,Salary
T00903,2026-05-16,A0032,,Streaming,,371,ACH,Everyday spend
T00904,2026-05-23,A0032,,Grocery,,313,CARD,Everyday spend
T00905,2026-05-20,A0032,,Grocery,,100,ACH,Everyday spend
T00906,2026-05-25,A0032,,Grocery,,175,CARD,Everyday spend
T00907,2026-05-27,,A0032,EMPLOYER PAYROLL,,3192.31,ACH,Salary
T00908,2026-06-02,A0032,,Rent,,888,CARD,Everyday spend
T00909,2026-06-04,A0032,,Rent,,185,ACH,Everyday spend
T00910,2026-06-03,A0032,,Utility Co,,502,CARD,Everyday spend
T00911,2026-06-03,A0032,,Streaming,,567,ACH,Everyday spend
T00912,2026-06-10,,A0032,EMPLOYER PAYROLL,,3192.31,ACH,Salary
T00913,2026-06-18,A0032,,Utility Co,,375,CARD,Everyday spend
T00914,2026-06-22,A0032,,Utility Co,,509,ACH,Everyday spend
T00915,2026-06-19,A0032,,Rent,,447,CARD,Everyday spend
T00916,2026-06-24,,A0032,EMPLOYER PAYROLL,,3192.31,ACH,Salary
T00917,2026-07-02,A0032,,Streaming,,314,ACH,Everyday spend
T00918,2026-06-30,A0032,,Insurer,,600,CARD,Everyday spend
T00919,2026-04-01,,A0033,EMPLOYER PAYROLL,,1846.15,ACH,Salary
T00920,2026-04-09,A0033,,Grocery,,40,ACH,Everyday spend
T00921,2026-04-13,A0033,,Grocery,,175,ACH,Everyday spend
T00922,2026-04-06,A0033,,Streaming,,135,ACH,Everyday spend
T00923,2026-04-15,,A0033,EMPLOYER PAYROLL,,1846.15,ACH,Salary
T00924,2026-04-21,A0033,,Utility Co,,720,CARD,Everyday spend
T00925,2026-04-22,A0033,,Grocery,,680,ACH,Everyday spend
T00926,2026-04-29,,A0033,EMPLOYER PAYROLL,,1846.15,ACH,Salary
T00927,2026-05-10,A0033,,Utility Co,,133,CARD,Everyday spend
T00928,2026-05-03,A0033,,Grocery,,528,CARD,Everyday spend
T00929,2026-05-09,A0033,,Utility Co,,271,ACH,Everyday spend
T00930,2026-05-13,,A0033,EMPLOYER PAYROLL,,1846.15,ACH,Salary
T00931,2026-05-25,A0033,,Rent,,391,CARD,Everyday spend
T00932,2026-05-25,A0033,,Utility Co,,175,ACH,Everyday spend
T00933,2026-05-27,,A0033,EMPLOYER PAYROLL,,1846.15,ACH,Salary
T00934,2026-06-03,A0033,,Utility Co,,131,CARD,Everyday spend
T00935,2026-06-02,A0033,,Grocery,,416,ACH,Everyday spend
T00936,2026-06-10,,A0033,EMPLOYER PAYROLL,,1846.15,ACH,Salary
T00937,2026-06-13,A0033,,Utility Co,,696,CARD,Everyday spend
T00938,2026-06-19,A0033,,Insurer,,616,CARD,Everyday spend
T00939,2026-06-21,A0033,,Streaming,,208,ACH,Everyday spend
T00940,2026-06-24,,A0033,EMPLOYER PAYROLL,,1846.15,ACH,Salary
T00941,2026-06-28,A0033,,Rent,,683,CARD,Everyday spend
T00942,2026-07-04,A0033,,Grocery,,743,ACH,Everyday spend
T00943,2026-06-26,A0033,,Utility Co,,142,CARD,Everyday spend
T00944,2026-07-04,A0033,,Streaming,,787,ACH,Everyday spend
T00945,2026-04-01,,A0034,EMPLOYER PAYROLL,,2384.62,ACH,Salary
T00946,2026-04-13,A0034,,Utility Co,,662,ACH,Everyday spend
T00947,2026-04-12,A0034,,Insurer,,348,CARD,Everyday spend
T00948,2026-04-11,A0034,,Rent,,561,CARD,Everyday spend
T00949,2026-04-06,A0034,,Grocery,,701,CARD,Everyday spend
T00950,2026-04-15,,A0034,EMPLOYER PAYROLL,,2384.62,ACH,Salary
T00951,2026-04-22,A0034,,Rent,,155,CARD,Everyday spend
T00952,2026-04-26,A0034,,Insurer,,648,CARD,Everyday spend
T00953,2026-04-16,A0034,,Grocery,,409,ACH,Everyday spend
T00954,2026-04-29,,A0034,EMPLOYER PAYROLL,,2384.62,ACH,Salary
T00955,2026-05-09,A0034,,Insurer,,470,ACH,Everyday spend
T00956,2026-05-10,A0034,,Utility Co,,216,ACH,Everyday spend
T00957,2026-04-30,A0034,,Utility Co,,641,CARD,Everyday spend
T00958,2026-05-13,,A0034,EMPLOYER PAYROLL,,2384.62,ACH,Salary
T00959,2026-05-17,A0034,,Rent,,80,CARD,Everyday spend
T00960,2026-05-22,A0034,,Rent,,333,ACH,Everyday spend
T00961,2026-05-25,A0034,,Insurer,,451,CARD,Everyday spend
T00962,2026-05-27,,A0034,EMPLOYER PAYROLL,,2384.62,ACH,Salary
T00963,2026-06-06,A0034,,Utility Co,,196,ACH,Everyday spend
T00964,2026-06-01,A0034,,Grocery,,120,CARD,Everyday spend
T00965,2026-06-05,A0034,,Insurer,,374,ACH,Everyday spend
T00966,2026-06-07,A0034,,Streaming,,821,CARD,Everyday spend
T00967,2026-06-10,,A0034,EMPLOYER PAYROLL,,2384.62,ACH,Salary
T00968,2026-06-17,A0034,,Utility Co,,787,CARD,Everyday spend
T00969,2026-06-14,A0034,,Utility Co,,128,ACH,Everyday spend
T00970,2026-06-18,A0034,,Streaming,,666,CARD,Everyday spend
T00971,2026-06-21,A0034,,Utility Co,,799,CARD,Everyday spend
T00972,2026-06-24,,A0034,EMPLOYER PAYROLL,,2384.62,ACH,Salary
T00973,2026-07-06,A0034,,Grocery,,180,CARD,Everyday spend
T00974,2026-07-02,A0034,,Grocery,,395,ACH,Everyday spend
T00975,2026-04-01,,A0035,EMPLOYER PAYROLL,,1846.15,ACH,Salary
T00976,2026-04-03,A0035,,Rent,,309,CARD,Everyday spend
T00977,2026-04-09,A0035,,Utility Co,,563,ACH,Everyday spend
T00978,2026-04-09,A0035,,Streaming,,620,CARD,Everyday spend
T00979,2026-04-04,A0035,,Insurer,,301,CARD,Everyday spend
T00980,2026-04-15,,A0035,EMPLOYER PAYROLL,,1846.15,ACH,Salary
T00981,2026-04-27,A0035,,Insurer,,158,CARD,Everyday spend
T00982,2026-04-16,A0035,,Grocery,,85,CARD,Everyday spend
T00983,2026-04-16,A0035,,Rent,,523,ACH,Everyday spend
T00984,2026-04-18,A0035,,Insurer,,223,CARD,Everyday spend
T00985,2026-04-29,,A0035,EMPLOYER PAYROLL,,1846.15,ACH,Salary
T00986,2026-05-11,A0035,,Grocery,,711,ACH,Everyday spend
T00987,2026-05-05,A0035,,Streaming,,294,ACH,Everyday spend
T00988,2026-05-04,A0035,,Insurer,,885,CARD,Everyday spend
T00989,2026-05-05,A0035,,Grocery,,162,CARD,Everyday spend
T00990,2026-05-13,,A0035,EMPLOYER PAYROLL,,1846.15,ACH,Salary
T00991,2026-05-22,A0035,,Utility Co,,87,ACH,Everyday spend
T00992,2026-05-21,A0035,,Streaming,,329,ACH,Everyday spend
T00993,2026-05-27,,A0035,EMPLOYER PAYROLL,,1846.15,ACH,Salary
T00994,2026-06-05,A0035,,Streaming,,507,CARD,Everyday spend
T00995,2026-05-31,A0035,,Insurer,,338,ACH,Everyday spend
T00996,2026-06-10,,A0035,EMPLOYER PAYROLL,,1846.15,ACH,Salary
T00997,2026-06-18,A0035,,Grocery,,417,ACH,Everyday spend
T00998,2026-06-22,A0035,,Grocery,,599,CARD,Everyday spend
T00999,2026-06-24,,A0035,EMPLOYER PAYROLL,,1846.15,ACH,Salary
T01000,2026-07-01,A0035,,Insurer,,64,CARD,Everyday spend
T01001,2026-06-30,A0035,,Streaming,,691,CARD,Everyday spend
T01002,2026-04-01,,A0036,EMPLOYER PAYROLL,,2384.62,ACH,Salary
T01003,2026-04-09,A0036,,Streaming,,101,CARD,Everyday spend
T01004,2026-04-03,A0036,,Insurer,,84,CARD,Everyday spend
T01005,2026-04-08,A0036,,Rent,,757,ACH,Everyday spend
T01006,2026-04-15,,A0036,EMPLOYER PAYROLL,,2384.62,ACH,Salary
T01007,2026-04-17,A0036,,Insurer,,634,CARD,Everyday spend
T01008,2026-04-18,A0036,,Utility Co,,692,ACH,Everyday spend
T01009,2026-04-25,A0036,,Rent,,621,CARD,Everyday spend
T01010,2026-04-26,A0036,,Streaming,,173,CARD,Everyday spend
T01011,2026-04-29,,A0036,EMPLOYER PAYROLL,,2384.62,ACH,Salary
T01012,2026-05-05,A0036,,Streaming,,860,ACH,Everyday spend
T01013,2026-05-05,A0036,,Grocery,,503,ACH,Everyday spend
T01014,2026-05-01,A0036,,Insurer,,247,CARD,Everyday spend
T01015,2026-05-13,,A0036,EMPLOYER PAYROLL,,2384.62,ACH,Salary
T01016,2026-05-16,A0036,,Rent,,148,CARD,Everyday spend
T01017,2026-05-21,A0036,,Utility Co,,361,ACH,Everyday spend
T01018,2026-05-27,,A0036,EMPLOYER PAYROLL,,2384.62,ACH,Salary
T01019,2026-06-02,A0036,,Rent,,828,CARD,Everyday spend
T01020,2026-06-01,A0036,,Utility Co,,514,ACH,Everyday spend
T01021,2026-05-29,A0036,,Insurer,,201,ACH,Everyday spend
T01022,2026-05-28,A0036,,Grocery,,260,ACH,Everyday spend
T01023,2026-06-10,,A0036,EMPLOYER PAYROLL,,2384.62,ACH,Salary
T01024,2026-06-22,A0036,,Rent,,294,ACH,Everyday spend
T01025,2026-06-19,A0036,,Streaming,,90,ACH,Everyday spend
T01026,2026-06-24,,A0036,EMPLOYER PAYROLL,,2384.62,ACH,Salary
T01027,2026-06-25,A0036,,Insurer,,454,ACH,Everyday spend
T01028,2026-07-06,A0036,,Utility Co,,603,CARD,Everyday spend
T01029,2026-04-01,,A0037,EMPLOYER PAYROLL,,1846.15,ACH,Salary
T01030,2026-04-07,A0037,,Insurer,,742,CARD,Everyday spend
T01031,2026-04-11,A0037,,Utility Co,,305,CARD,Everyday spend
T01032,2026-04-03,A0037,,Grocery,,242,ACH,Everyday spend
T01033,2026-04-15,,A0037,EMPLOYER PAYROLL,,1846.15,ACH,Salary
T01034,2026-04-21,A0037,,Rent,,165,CARD,Everyday spend
T01035,2026-04-16,A0037,,Rent,,212,ACH,Everyday spend
T01036,2026-04-29,,A0037,EMPLOYER PAYROLL,,1846.15,ACH,Salary
T01037,2026-04-30,A0037,,Grocery,,431,ACH,Everyday spend
T01038,2026-05-05,A0037,,Streaming,,259,CARD,Everyday spend
T01039,2026-05-04,A0037,,Utility Co,,496,CARD,Everyday spend
T01040,2026-05-13,,A0037,EMPLOYER PAYROLL,,1846.15,ACH,Salary
T01041,2026-05-23,A0037,,Streaming,,671,CARD,Everyday spend
T01042,2026-05-21,A0037,,Utility Co,,461,ACH,Everyday spend
T01043,2026-05-15,A0037,,Grocery,,326,ACH,Everyday spend
T01044,2026-05-20,A0037,,Insurer,,244,CARD,Everyday spend
T01045,2026-05-27,,A0037,EMPLOYER PAYROLL,,1846.15,ACH,Salary
T01046,2026-06-03,A0037,,Rent,,840,ACH,Everyday spend
T01047,2026-06-05,A0037,,Streaming,,840,ACH,Everyday spend
T01048,2026-06-10,,A0037,EMPLOYER PAYROLL,,1846.15,ACH,Salary
T01049,2026-06-19,A0037,,Streaming,,369,ACH,Everyday spend
T01050,2026-06-13,A0037,,Insurer,,66,ACH,Everyday spend
T01051,2026-06-14,A0037,,Utility Co,,70,ACH,Everyday spend
T01052,2026-06-18,A0037,,Insurer,,582,ACH,Everyday spend
T01053,2026-06-24,,A0037,EMPLOYER PAYROLL,,1846.15,ACH,Salary
T01054,2026-06-27,A0037,,Grocery,,142,CARD,Everyday spend
T01055,2026-06-29,A0037,,Grocery,,586,CARD,Everyday spend
T01056,2026-04-01,,A0038,EMPLOYER PAYROLL,,2115.38,ACH,Salary
T01057,2026-04-13,A0038,,Insurer,,400,CARD,Everyday spend
T01058,2026-04-05,A0038,,Insurer,,896,ACH,Everyday spend
T01059,2026-04-06,A0038,,Utility Co,,219,ACH,Everyday spend
T01060,2026-04-03,A0038,,Insurer,,97,CARD,Everyday spend
T01061,2026-04-15,,A0038,EMPLOYER PAYROLL,,2115.38,ACH,Salary
T01062,2026-04-16,A0038,,Utility Co,,579,ACH,Everyday spend
T01063,2026-04-21,A0038,,Grocery,,668,CARD,Everyday spend
T01064,2026-04-29,,A0038,EMPLOYER PAYROLL,,2115.38,ACH,Salary
T01065,2026-05-11,A0038,,Utility Co,,221,ACH,Everyday spend
T01066,2026-04-30,A0038,,Utility Co,,191,CARD,Everyday spend
T01067,2026-05-08,A0038,,Streaming,,413,CARD,Everyday spend
T01068,2026-05-13,,A0038,EMPLOYER PAYROLL,,2115.38,ACH,Salary
T01069,2026-05-24,A0038,,Streaming,,445,CARD,Everyday spend
T01070,2026-05-18,A0038,,Grocery,,370,CARD,Everyday spend
T01071,2026-05-25,A0038,,Streaming,,487,ACH,Everyday spend
T01072,2026-05-16,A0038,,Grocery,,764,ACH,Everyday spend
T01073,2026-05-27,,A0038,EMPLOYER PAYROLL,,2115.38,ACH,Salary
T01074,2026-06-06,A0038,,Rent,,874,CARD,Everyday spend
T01075,2026-06-01,A0038,,Grocery,,791,ACH,Everyday spend
T01076,2026-05-30,A0038,,Insurer,,786,CARD,Everyday spend
T01077,2026-06-03,A0038,,Grocery,,829,CARD,Everyday spend
T01078,2026-06-10,,A0038,EMPLOYER PAYROLL,,2115.38,ACH,Salary
T01079,2026-06-16,A0038,,Insurer,,868,CARD,Everyday spend
T01080,2026-06-12,A0038,,Streaming,,548,CARD,Everyday spend
T01081,2026-06-22,A0038,,Streaming,,119,CARD,Everyday spend
T01082,2026-06-16,A0038,,Streaming,,211,CARD,Everyday spend
T01083,2026-06-24,,A0038,EMPLOYER PAYROLL,,2115.38,ACH,Salary
T01084,2026-06-25,A0038,,Grocery,,311,CARD,Everyday spend
T01085,2026-07-06,A0038,,Streaming,,109,ACH,Everyday spend
T01086,2026-06-26,A0038,,Utility Co,,777,CARD,Everyday spend
T01087,2026-04-01,,A0039,EMPLOYER PAYROLL,,2730.77,ACH,Salary
T01088,2026-04-03,A0039,,Insurer,,888,ACH,Everyday spend
T01089,2026-04-12,A0039,,Grocery,,816,CARD,Everyday spend
T01090,2026-04-09,A0039,,Streaming,,115,CARD,Everyday spend
T01091,2026-04-15,,A0039,EMPLOYER PAYROLL,,2730.77,ACH,Salary
T01092,2026-04-21,A0039,,Utility Co,,307,CARD,Everyday spend
T01093,2026-04-21,A0039,,Grocery,,214,ACH,Everyday spend
T01094,2026-04-29,,A0039,EMPLOYER PAYROLL,,2730.77,ACH,Salary
T01095,2026-05-01,A0039,,Streaming,,600,CARD,Everyday spend
T01096,2026-05-09,A0039,,Utility Co,,668,ACH,Everyday spend
T01097,2026-05-06,A0039,,Insurer,,709,CARD,Everyday spend
T01098,2026-05-06,A0039,,Utility Co,,200,CARD,Everyday spend
T01099,2026-05-13,,A0039,EMPLOYER PAYROLL,,2730.77,ACH,Salary
T01100,2026-05-17,A0039,,Insurer,,234,ACH,Everyday spend
T01101,2026-05-25,A0039,,Streaming,,787,ACH,Everyday spend
T01102,2026-05-18,A0039,,Utility Co,,283,CARD,Everyday spend
T01103,2026-05-27,,A0039,EMPLOYER PAYROLL,,2730.77,ACH,Salary
T01104,2026-06-06,A0039,,Grocery,,602,ACH,Everyday spend
T01105,2026-05-28,A0039,,Rent,,409,CARD,Everyday spend
T01106,2026-05-29,A0039,,Grocery,,341,ACH,Everyday spend
T01107,2026-06-10,,A0039,EMPLOYER PAYROLL,,2730.77,ACH,Salary
T01108,2026-06-11,A0039,,Streaming,,251,CARD,Everyday spend
T01109,2026-06-12,A0039,,Streaming,,524,CARD,Everyday spend
T01110,2026-06-24,,A0039,EMPLOYER PAYROLL,,2730.77,ACH,Salary
T01111,2026-07-02,A0039,,Utility Co,,540,ACH,Everyday spend
T01112,2026-07-05,A0039,,Grocery,,597,ACH,Everyday spend
T01113,2026-06-30,A0039,,Grocery,,430,ACH,Everyday spend
T01114,2026-04-01,,A0040,EMPLOYER PAYROLL,,2384.62,ACH,Salary
T01115,2026-04-13,A0040,,Utility Co,,723,CARD,Everyday spend
T01116,2026-04-12,A0040,,Insurer,,392,ACH,Everyday spend
T01117,2026-04-15,,A0040,EMPLOYER PAYROLL,,2384.62,ACH,Salary
T01118,2026-04-24,A0040,,Insurer,,102,ACH,Everyday spend
T01119,2026-04-22,A0040,,Insurer,,588,ACH,Everyday spend
T01120,2026-04-29,,A0040,EMPLOYER PAYROLL,,2384.62,ACH,Salary
T01121,2026-05-07,A0040,,Rent,,346,CARD,Everyday spend
T01122,2026-05-11,A0040,,Utility Co,,75,CARD,Everyday spend
T01123,2026-05-13,,A0040,EMPLOYER PAYROLL,,2384.62,ACH,Salary
T01124,2026-05-16,A0040,,Grocery,,211,CARD,Everyday spend
T01125,2026-05-16,A0040,,Utility Co,,83,ACH,Everyday spend
T01126,2026-05-24,A0040,,Grocery,,485,CARD,Everyday spend
T01127,2026-05-27,,A0040,EMPLOYER PAYROLL,,2384.62,ACH,Salary
T01128,2026-06-01,A0040,,Utility Co,,367,CARD,Everyday spend
T01129,2026-06-03,A0040,,Insurer,,609,ACH,Everyday spend
T01130,2026-06-02,A0040,,Utility Co,,322,ACH,Everyday spend
T01131,2026-06-08,A0040,,Utility Co,,678,ACH,Everyday spend
T01132,2026-06-10,,A0040,EMPLOYER PAYROLL,,2384.62,ACH,Salary
T01133,2026-06-13,A0040,,Utility Co,,191,CARD,Everyday spend
T01134,2026-06-20,A0040,,Streaming,,838,CARD,Everyday spend
T01135,2026-06-19,A0040,,Streaming,,392,ACH,Everyday spend
T01136,2026-06-24,,A0040,EMPLOYER PAYROLL,,2384.62,ACH,Salary
T01137,2026-07-05,A0040,,Utility Co,,537,ACH,Everyday spend
T01138,2026-06-27,A0040,,Grocery,,322,ACH,Everyday spend
T01139,2026-07-04,A0040,,Utility Co,,663,ACH,Everyday spend
T01140,2026-04-01,,A0041,CASH DEPOSIT,,3821,CASH,Daily receipts
T01141,2026-04-03,,A0041,CASH DEPOSIT,,5028,CASH,Daily receipts
T01142,2026-04-04,,A0041,CASH DEPOSIT,,2401,CASH,Daily receipts
T01143,2026-04-06,,A0041,CASH DEPOSIT,,3300,CASH,Daily receipts
T01144,2026-04-08,,A0041,CASH DEPOSIT,,2282,CASH,Daily receipts
T01145,2026-04-10,,A0041,CASH DEPOSIT,,5548,CASH,Daily receipts
T01146,2026-04-12,,A0041,CASH DEPOSIT,,3473,CASH,Daily receipts
T01147,2026-04-14,,A0041,CASH DEPOSIT,,5652,CASH,Daily receipts
T01148,2026-04-16,,A0041,CASH DEPOSIT,,5715,CASH,Daily receipts
T01149,2026-04-17,,A0041,CASH DEPOSIT,,5759,CASH,Daily receipts
T01150,2026-04-18,,A0041,CASH DEPOSIT,,2750,CASH,Daily receipts
T01151,2026-04-20,,A0041,CASH DEPOSIT,,5246,CASH,Daily receipts
T01152,2026-04-22,,A0041,CASH DEPOSIT,,5370,CASH,Daily receipts
T01153,2026-04-24,,A0041,CASH DEPOSIT,,3303,CASH,Daily receipts
T01154,2026-04-26,,A0041,CASH DEPOSIT,,4677,CASH,Daily receipts
T01155,2026-04-27,,A0041,CASH DEPOSIT,,2969,CASH,Daily receipts
T01156,2026-04-29,,A0041,CASH DEPOSIT,,3065,CASH,Daily receipts
T01157,2026-05-01,,A0041,CASH DEPOSIT,,5234,CASH,Daily receipts
T01158,2026-05-03,,A0041,CASH DEPOSIT,,5310,CASH,Daily receipts
T01159,2026-05-05,,A0041,CASH DEPOSIT,,5562,CASH,Daily receipts
T01160,2026-05-06,,A0041,CASH DEPOSIT,,4310,CASH,Daily receipts
T01161,2026-05-07,,A0041,CASH DEPOSIT,,2468,CASH,Daily receipts
T01162,2026-05-09,,A0041,CASH DEPOSIT,,5106,CASH,Daily receipts
T01163,2026-05-11,,A0041,CASH DEPOSIT,,2755,CASH,Daily receipts
T01164,2026-05-12,,A0041,CASH DEPOSIT,,2911,CASH,Daily receipts
T01165,2026-05-13,,A0041,CASH DEPOSIT,,5784,CASH,Daily receipts
T01166,2026-05-14,,A0041,CASH DEPOSIT,,5628,CASH,Daily receipts
T01167,2026-05-15,,A0041,CASH DEPOSIT,,3221,CASH,Daily receipts
T01168,2026-05-16,,A0041,CASH DEPOSIT,,4069,CASH,Daily receipts
T01169,2026-05-17,,A0041,CASH DEPOSIT,,3676,CASH,Daily receipts
T01170,2026-05-18,,A0041,CASH DEPOSIT,,3322,CASH,Daily receipts
T01171,2026-05-20,,A0041,CASH DEPOSIT,,5573,CASH,Daily receipts
T01172,2026-05-22,,A0041,CASH DEPOSIT,,4268,CASH,Daily receipts
T01173,2026-05-24,,A0041,CASH DEPOSIT,,4802,CASH,Daily receipts
T01174,2026-05-25,,A0041,CASH DEPOSIT,,4990,CASH,Daily receipts
T01175,2026-05-26,,A0041,CASH DEPOSIT,,3190,CASH,Daily receipts
T01176,2026-05-28,,A0041,CASH DEPOSIT,,4202,CASH,Daily receipts
T01177,2026-05-30,,A0041,CASH DEPOSIT,,2927,CASH,Daily receipts
T01178,2026-06-01,,A0041,CASH DEPOSIT,,4603,CASH,Daily receipts
T01179,2026-06-03,,A0041,CASH DEPOSIT,,3610,CASH,Daily receipts
T01180,2026-06-04,,A0041,CASH DEPOSIT,,5631,CASH,Daily receipts
T01181,2026-06-06,,A0041,CASH DEPOSIT,,5267,CASH,Daily receipts
T01182,2026-06-07,,A0041,CASH DEPOSIT,,3367,CASH,Daily receipts
T01183,2026-06-08,,A0041,CASH DEPOSIT,,3783,CASH,Daily receipts
T01184,2026-06-09,,A0041,CASH DEPOSIT,,2867,CASH,Daily receipts
T01185,2026-06-10,,A0041,CASH DEPOSIT,,5710,CASH,Daily receipts
T01186,2026-06-11,,A0041,CASH DEPOSIT,,4851,CASH,Daily receipts
T01187,2026-06-12,,A0041,CASH DEPOSIT,,4975,CASH,Daily receipts
T01188,2026-06-13,,A0041,CASH DEPOSIT,,3302,CASH,Daily receipts
T01189,2026-06-15,,A0041,CASH DEPOSIT,,4302,CASH,Daily receipts
T01190,2026-06-16,,A0041,CASH DEPOSIT,,5741,CASH,Daily receipts
T01191,2026-06-17,,A0041,CASH DEPOSIT,,4141,CASH,Daily receipts
T01192,2026-06-18,,A0041,CASH DEPOSIT,,4851,CASH,Daily receipts
T01193,2026-06-19,,A0041,CASH DEPOSIT,,4662,CASH,Daily receipts
T01194,2026-06-20,,A0041,CASH DEPOSIT,,3116,CASH,Daily receipts
T01195,2026-06-22,,A0041,CASH DEPOSIT,,4691,CASH,Daily receipts
T01196,2026-06-24,,A0041,CASH DEPOSIT,,5119,CASH,Daily receipts
T01197,2026-06-26,,A0041,CASH DEPOSIT,,3935,CASH,Daily receipts
T01198,2026-06-28,,A0041,CASH DEPOSIT,,5688,CASH,Daily receipts
T01199,2026-04-28,,A0005,CASH DEPOSIT,,9600,CASH,Used car sale
T01200,2026-05-30,A0042,,Tenant Refund,,1800,ACH,Deposit return
T01201,2026-06-26,A0042,,Tenant Refund,,2000,ACH,Deposit return
T01202,2026-06-14,A0042,,Tenant Refund,,1200,ACH,Deposit return
T01203,2026-04-01,A0042,,Tenant Refund,,1800,ACH,Deposit return
T01204,2026-06-11,A0042,,Tenant Refund,,1800,ACH,Deposit return
T01205,2026-05-09,A0042,,Tenant Refund,,1200,ACH,Deposit return
T01206,2026-06-01,A0042,,Tenant Refund,,1200,ACH,Deposit return
T01207,2026-05-14,A0042,,Tenant Refund,,1800,ACH,Deposit return
T01208,2026-06-21,A0042,,Tenant Refund,,1800,ACH,Deposit return
T01209,2026-05-06,A0042,,Tenant Refund,,1800,ACH,Deposit return
T01210,2026-06-23,A0042,,Tenant Refund,,1800,ACH,Deposit return
T01211,2026-04-25,A0042,,Tenant Refund,,1500,ACH,Deposit return
T01212,2026-06-06,A0042,,Tenant Refund,,1500,ACH,Deposit return
T01213,2026-04-08,A0042,,Tenant Refund,,2000,ACH,Deposit return
T01214,2026-06-24,A0042,,Tenant Refund,,1800,ACH,Deposit return
T01215,2026-06-27,A0042,,Tenant Refund,,1500,ACH,Deposit return
T01216,2026-04-04,A0042,,Tenant Refund,,2000,ACH,Deposit return
T01217,2026-05-08,A0042,,Tenant Refund,,1800,ACH,Deposit return
T01218,2026-05-24,A0042,,Tenant Refund,,2000,ACH,Deposit return
T01219,2026-05-20,A0042,,Tenant Refund,,1200,ACH,Deposit return
T01220,2026-06-14,A0042,,Tenant Refund,,1500,ACH,Deposit return
T01221,2026-05-14,A0042,,Tenant Refund,,1500,ACH,Deposit return
T01222,2026-06-08,A0043S,A0043,,,45000,INTERNAL,Move savings for home repair
T01223,2026-04-20,,A0044,Fidelity Brokerage,United States,250000,WIRE,Brokerage liquidation
T01224,2026-05-04,,A9001,CASH DEPOSIT,,9100,CASH,Cash deposit Chicago-Loop
T01225,2026-05-05,,A9001,CASH DEPOSIT,,9400,CASH,Cash deposit Naperville
T01226,2026-05-07,,A9001,CASH DEPOSIT,,9100,CASH,Cash deposit Chicago-Loop
T01227,2026-05-08,,A9001,CASH DEPOSIT,,9750,CASH,Cash deposit Naperville
T01228,2026-05-10,,A9001,CASH DEPOSIT,,9400,CASH,Cash deposit Chicago-Loop
T01229,2026-05-12,,A9001,CASH DEPOSIT,,9600,CASH,Cash deposit Naperville
T01230,2026-05-13,,A9001,CASH DEPOSIT,,9100,CASH,Cash deposit Chicago-Loop
T01231,2026-05-15,,A9001,CASH DEPOSIT,,8600,CASH,Cash deposit Naperville
T01232,2026-05-16,,A9001,CASH DEPOSIT,,9400,CASH,Cash deposit Chicago-Loop
T01233,2026-05-18,,A9001,CASH DEPOSIT,,9100,CASH,Cash deposit Naperville
T01234,2026-05-20,,A9001,CASH DEPOSIT,,9750,CASH,Cash deposit Chicago-Loop
T01235,2026-06-02,,A9100,Meridian Offshore Ltd,Cyprus,320000,WIRE,Inbound consulting fee
T01236,2026-06-03,A9100,A9101,,,77683.0,INTERNAL,Project disbursement
T01237,2026-06-04,A9100,A9102,,,78658.0,INTERNAL,Project disbursement
T01238,2026-06-03,A9100,A9103,,,78598.0,INTERNAL,Project disbursement
T01239,2026-06-04,A9100,A9104,,,79406.0,INTERNAL,Project disbursement
T01240,2026-06-05,A9101,,Apex Trade Services FZE,United Arab Emirates,76741.0,WIRE,Vendor payment
T01241,2026-06-06,A9102,,Apex Trade Services FZE,United Arab Emirates,75929.0,WIRE,Vendor payment
T01242,2026-06-07,A9103,,Apex Trade Services FZE,United Arab Emirates,74318.0,WIRE,Vendor payment
T01243,2026-06-05,A9104,,Apex Trade Services FZE,United Arab Emirates,75713.0,WIRE,Vendor payment
